data-page-selector,full_address,County,Property Type,Subtype,Tenancy,Total Building SqFt,Total Building Suites,has_parking,Vacant SqFt
https://www.crexi.com/lease/properties/158744/california-175-e-20th-st,"175 E 20th Street, Chico, CA 95928",Butte County,"Industrial, Restaurant","Flex, Strip Center",Multiple,"7,753",1,FALSE,"7,753"
https://www.crexi.com/lease/properties/329173/california-los-alamitos-plaza,"10900 Los Alamitos Boulevard, Los Alamitos, CA 90720",Orange County,"Office, Restaurant","Executive Office, Commercial",Multiple,"77,533",,FALSE,"7,032"
https://www.crexi.com/lease/properties/795755/california-marina-boardwalk,"4655 Admiralty Way, Marina del Rey, CA 90292",Los Angeles County,"Office, Restaurant","Executive Office, Commercial",Multiple,"28,519",,TRUE,"27,846"
https://www.crexi.com/lease/properties/481787/california-4090-truxel-road,"4090 Truxel Rd, Sacramento, CA 95834",Sacramento County,"Office, Restaurant",Executive Office,Multiple,"2,512",,FALSE,"2,512"
https://www.crexi.com/lease/properties/935428/california-130-pine-ave,"130 Pine Ave, Long Beach, CA 90802",,"Office, Restaurant",Creative Office,Multiple,"28,368",5,FALSE,"26,333"
https://www.crexi.com/lease/properties/125956/california-2400-fenton-street,"2400 Fenton St, Chula Vista, CA 91941",San Diego County,"Office, Restaurant","Traditional Office, Executive Office, Coworking, Creative Office, Professional Office, Shopping Center",Multiple,994,,TRUE,242
https://www.crexi.com/lease/properties/404591/california-commerce-commons,"4820 S Eastern Ave, Commerce, CA 90040",Los Angeles County,"Office, Restaurant","Traditional Office, Executive Office, Flex Space",Multiple,1,,TRUE,"4,265"
https://www.crexi.com/lease/properties/101404/california-2525-camino-del-rio-south,"2525 Camino del Rio S, San Diego, CA 92108",San Diego County,"Office, Restaurant","Executive Office, Traditional Office, Commercial",Multiple,"16,080",,TRUE,"1,246"
https://www.crexi.com/lease/properties/97891/california-1125-wall-street,"1125 Wall Street, La Jolla, CA 92037",San Diego County,"Office, Restaurant",Storefront,Multiple,0,,FALSE,"4,005"
https://www.crexi.com/lease/properties/53823/california-the-heart-of-huntingt-on-park,"6001-6021 Pacific Blvd, Huntington Park, CA 90255",Los Angeles County,"Office, Restaurant","Medical Office, Strip Center",Multiple,"37,720",,TRUE,"8,265"
https://www.crexi.com/lease/properties/360502/california-22141-ventura-blvd,"22141 Ventura Blvd, Woodland Hills, CA 91364",Los Angeles County,"Office, Restaurant","Executive Office, Commercial",Multiple,"18,354",,FALSE,"3,414"
https://www.crexi.com/lease/properties/118880/california-sherman-square,"7203 Van Nuys Blvd, Los Angeles, CA 91405",,"Office, Restaurant","Executive Office, Creative Office, Strip Center, Traditional, Retail, Restaurant",Multiple,,,TRUE,"1,716"
https://www.crexi.com/lease/properties/359242/california-pacific-pointe,"879 West 190th Street, Gardena, CA 90248",Los Angeles County,"Office, Restaurant",Traditional Office,Multiple,"107,855",,FALSE,"102,167"
https://www.crexi.com/lease/properties/59186/california-the-carrillo-building,"931 State St, Santa Barbara, CA 93101",,"Office, Restaurant, Retail","Executive Office, Traditional Office, Boutique Retail",Multiple,0,,FALSE,"1,402"
https://www.crexi.com/lease/properties/946692/california-former-kabob-land-restaurant,"947 W Olive Ave, Porterville, CA 93257",,"Office, Restaurant, Special Purpose","Traditional Office, Creative Office, Kitchen",Single,"3,525",,TRUE,"1,411"
https://www.crexi.com/lease/properties/915229/california-12195-tributary-point-drive-suite-100,"12195 Tributary Point Dr, Rancho Cordova, CA 95670",,Restaurant,,Single,"1,550",,FALSE,"1,550"
https://www.crexi.com/lease/properties/1049320/california-3231-mission-blvd,"3231 Mission Blvd, San Diego, CA 92109",San Diego County,Restaurant,N/A,Multiple,,,FALSE,"1,325"
https://www.crexi.com/lease/properties/1038674/california-110-n-el-camino-real,"110 N El Camino Real, San Clemente, CA 92672",,Restaurant,Restaurant,Multiple,"11,047",,TRUE,"6,998"
https://www.crexi.com/lease/properties/1010424/california-2nd-generation-restaurant-space-no-key-money-upland-ca,"733 N Mountain Ave, Upland, CA 91786",,Restaurant,Retail,Single,"2,642",,TRUE,"2,642"
https://www.crexi.com/lease/properties/1038660/california-the-heisler-building,"400 S Coast Hwy, Laguna Beach, CA 92651",Orange County,Restaurant,Restaurant,Multiple,"16,000",,FALSE,"15,347"
https://www.crexi.com/lease/properties/975752/california-turn-key-restaurant,"2015 Lafayette St, Santa Clara, CA 95050",Santa Clara County,Restaurant,Retail,Single,"16,552",,TRUE,"2,500"
https://www.crexi.com/lease/properties/1049116/california-880-de-long-avenue,"880 De Long Ave, Novato, CA 94945",,Restaurant,Restaurant,Single,"1,800",,TRUE,"1,800"
https://www.crexi.com/lease/properties/665728/california-hemet-ca---drive-thru-pad,"2880 W Florida Ave, Hemet, CA 92545",Riverside County,Restaurant,Drive Thru,Single,"2,561",,FALSE,"2,561"
https://www.crexi.com/lease/properties/1002507/california-10478-valley-blvd,"10478 Valley Blvd, El Monte, CA 91731",,Restaurant,"Restaurant, Buffet Restaurant, Large Diner",Single,"12,703",,FALSE,"12,703"
https://www.crexi.com/lease/properties/894635/california-2000-de-la-vina-restaurant-space,"2000 De La Vina St, Santa Barbara, CA 93105",,Restaurant,Retail,Single,"1,530",,TRUE,"1,530"
https://www.crexi.com/lease/properties/721365/california-1702-hwy-46-b,"1702 CA-46, Wasco, CA 93280",Kern County,Restaurant,Fast Food,Single,"4,379",,TRUE,"1,380"
https://www.crexi.com/lease/properties/966543/california-560-w-18th-st,"560 W 18th St # A, Merced, CA 95340",Merced,Restaurant,Sublease,Single,"14,047",,FALSE,"1,200"
https://www.crexi.com/lease/properties/935446/california-prime-little-italy-restaurant-spaces,"555 W Date St, San Diego, CA 92101",,Restaurant,Turnkey Restaurant,Multiple,,,FALSE,"1,646"
https://www.crexi.com/lease/properties/1017812/california-74225-b,"74225 CA-111, Palm Desert, CA 92260",,Restaurant,Restaurant,Multiple,"16,032",,FALSE,"7,500"
https://www.crexi.com/lease/properties/912812/california-previously-fosters-freeze,"11969 Hawthorne Blvd, Hawthorne, CA 90250",,Restaurant,,Single,720,,TRUE,720
https://www.crexi.com/lease/properties/1030704/california-west-sacramento-restaurant-pads,"4790 W Capitol Ave, West Sacramento, CA 95691",Yolo County,Restaurant,"Restaurant, Drive Thru, QSR",Multiple,"5,012",,FALSE,"5,012"
https://www.crexi.com/lease/properties/955469/california-2nd-gen-restaurant-space-available,"19200 Ventura Blvd, Los Angeles, CA 91356",Los Angeles County,Restaurant,"Freestanding, Retail",Single,,,FALSE,"1,265"
https://www.crexi.com/lease/properties/966557/california-560-w-18th-st-b,"560 W 18th St, Merced, CA 95340",Merced County,Restaurant,Quick Service Area,Multiple,"14,047",,FALSE,610
https://www.crexi.com/lease/properties/852657/california-unit-b,"625 E Artesia Blvd, Long Beach, CA 90805",,Restaurant,Retaurant,Multiple,"1,250",,FALSE,"1,250"
https://www.crexi.com/lease/properties/982217/california-former-kfc---visalia,"5143 W Walnut Ave, Visalia, CA 93277",Tulare County,Restaurant,Drive Thru,Single,"2,711",,FALSE,"2,711"
https://www.crexi.com/lease/properties/849120/california-154-s-e-st-a,"154 S E St, San Bernardino, CA 92401",,Restaurant,,Single,"3,000",,FALSE,"1,650"
https://www.crexi.com/lease/properties/973817/california-freestanding-second-generation-restaurant,"1180 Admiral Callaghan Ln, Vallejo, CA 94591",Solano County,Restaurant,"Fast Food, Quick Service",Single,"7,677",,FALSE,"7,677"
https://www.crexi.com/lease/properties/62472/california-524-union,"524 Union St, SF, CA 94133",,Restaurant,"retail, restaurant, event space, commercial kitchen",Multiple,0,,FALSE,"3,875"
https://www.crexi.com/lease/properties/991260/california-1530-j-street--the-elliott-building,"1530 J St, Sacramento, CA 95814",,Restaurant,"Retail, Second Generation",Multiple,"45,576",,FALSE,"6,057"
https://www.crexi.com/lease/properties/951174/california-685-cannery-row,"685 Cannery Row, Monterey, CA 93940",,Restaurant,Restaurant,Multiple,"4,016",,TRUE,"4,016"
https://www.crexi.com/lease/properties/1029247/california-925-3rd-street,"925 3rd St, Sacramento, CA 95814",Sacramento County,Restaurant,,Single,"5,247",,FALSE,"5,247"
https://www.crexi.com/lease/properties/872280/california-downtown-chico-restaurant,"229 Broadway St, Chico, CA 95928",,Restaurant,,Single,"6,005",,FALSE,"6,005"
https://www.crexi.com/lease/properties/965633/california-restaurant-space-with-i-69-visibility-for-lease,"8301 Eagle Lake Dr, Evansville, IN 47715",Vanderburgh County,Restaurant,Retail,Single,"6,365",,TRUE,"6,365"
https://www.crexi.com/lease/properties/989426/california-oceanside-2nd-gen-restaurant,"211 Mission Ave, Oceanside, CA 92054",,Restaurant,"Restaurant, Bar",Single,"99,999",,TRUE,"6,438"
https://www.crexi.com/lease/properties/297613/california-ariel-suites,"701 W Beech St, San Diego, CA 92101",San Diego County,"Restaurant, Office","Creative Office, Retail, Restaurant",Multiple,,,FALSE,"10,590"
https://www.crexi.com/lease/properties/720124/california-busy-road-frontage---previous-quiznos,"2701 Whitson St, Selma, CA 93662",,"Restaurant, Retail, Office","Traditional Office, Restaurant, Retail",Multiple,,,TRUE,"1,430"
https://www.crexi.com/lease/properties/206157/california-la-quinta-village-shopping-center,"50801 Washington St, La Quinta, CA 92253",,"Restaurant, Retail, Office","Medical Office, Outparcel/Pad, Strip Center",Multiple,"79,607",,FALSE,"39,432"
https://www.crexi.com/lease/properties/42068/california-brunswig-square,"360 E 2nd St, Los Angeles, CA 90012",,"Retail, Industrial, Restaurant","Warehouse, Distribution, Strip Center, retail",Multiple,"33,000",,FALSE,"5,494"
https://www.crexi.com/lease/properties/945746/california-1433-fulton-ave,"1433 Fulton Ave, Sacramento, CA 95825",Sacramento County,"Retail, Industrial, Restaurant",Warehouse,Multiple,"40,000",,FALSE,"7,050"
https://www.crexi.com/lease/properties/838777/california-26306-diamond-place,"26306 Diamond Pl, Santa Clarita, CA 91350",,"Retail, Industrial, Restaurant","restaurant, commercial kitchen",Multiple,"1,840",,TRUE,"1,840"
https://www.crexi.com/lease/properties/783768/california-nwc-inland-center-dr-i-st,"NWC Inland Center Dr & I St, San Bernardino, CA 92410",San Bernardino County,"Retail, Land, Restaurant","Commercial, Fast Food, Bank, Auto Shop",Multiple,"3,300",,FALSE,"3,300"
https://www.crexi.com/lease/properties/270861/california-slo-ranch-farms-and-marketplace,"Froom Ranch Way, San Luis Obispo, CA 93401",San Luis Obispo County,"Retail, Land, Restaurant","Agricultural, Commercial, Fitness, Retail, Distillery",Multiple,"33,500",,TRUE,"33,500"
https://www.crexi.com/lease/properties/750908/california-yucaipa-pointe,"NEQ I-10 & Yucaipa Blvd, Yucaipa, CA 92399",San Bernardino County,"Retail, Land, Restaurant","Commercial, C-Store",Multiple,"20,215",,FALSE,"7,364"
https://www.crexi.com/lease/properties/400074/california-gateway-plaza,"39200 Paseo Padre Pkwy, Fremont, CA 94538",Alameda County,"Retail, Land, Restaurant","Commercial, Retail Pad",Multiple,"192,104",,TRUE,"1,501"
https://www.crexi.com/lease/properties/990272/california-entitled-drive-true-bts-or-ground-lease,"33565 Mission Trail, Lake Elsinore, CA 92530",Riverside County,"Retail, Land, Restaurant","Commercial, Fast Food, QSR, Drive-Thru, Restaurant",Single,"2,298",,FALSE,"2,298"
https://www.crexi.com/lease/properties/260681/california-the-campus,"5962 La Place Ct, Carlsbad, CA 92008",San Diego County,"Retail, Office, Industrial, Restaurant","Executive Office, R&D, Creative Space, Fitness Center, Library",Multiple,"46,833",,TRUE,"6,896"
https://www.crexi.com/lease/properties/1040223/california-151-kalmus-drive-unit-k1,"151 Kalmus Drive, Unit K1, Costa Mesa, CA 92626",Orange County,"Retail, Office, Industrial, Restaurant",Flex,Single,"4,100",,TRUE,"4,100"
https://www.crexi.com/lease/properties/353962/california-century-plaza-towers---north-tower,"2029-2049 Century Park, Los Angeles, CA 90067",Los Angeles County,"Retail, Office, Land, Restaurant","Executive Office, Commercial, Professional, Mixed use",Multiple,"346,662",,TRUE,"346,662"
https://www.crexi.com/lease/properties/973733/california-327-s-broadway,"327 S Broadway, Los Angeles, CA 90013",Los Angeles County,"Retail, Office, Restaurant","Executive Office, Commercial",Multiple,"16,600",,FALSE,"15,000"
https://www.crexi.com/lease/properties/995800/dixon-landing-dixon-ca,"1450 ARY LANE, UNIT D, DIXON, CA 95620, Dixon, CA 95620",Solano County,"Retail, Office, Restaurant",Traditional Office,Multiple,"9,119",5,TRUE,"1,214"
https://www.crexi.com/lease/properties/474559/california-501-511-n-la-cienega,"501-511 N La Cienega Blvd, West Hollywood, CA 90048",Los Angeles County,"Retail, Office, Restaurant","Executive Office, Commercial",Multiple,"15,135",,TRUE,"15,135"
https://www.crexi.com/lease/properties/1024921/california-5550-w-pico-blvd,"5550 W Pico Blvd, Los Angeles, CA 90035",Los Angeles County,"Retail, Office, Restaurant",Medical Office,Single,"1,000",,FALSE,"1,000"
https://www.crexi.com/lease/properties/323780/california-cnr2oaks,"Twin Oaks Valley Rd & Highway 78, San Marcos, CA 92069",San Diego County,"Retail, Office, Restaurant","Executive Office, Commercial",Multiple,"24,880",,FALSE,"6,264"
https://www.crexi.com/lease/properties/477809/california-1111-s-hope-street,"1111 S Hope St, Los Angeles, CA 90015",Los Angeles County,"Retail, Office, Restaurant",Medical Office,Multiple,"6,200",,TRUE,"3,200"
https://www.crexi.com/lease/properties/915373/california-671-clay-street,"671 Clay Street, San Francisco, CA 94111",San Francisco County,"Retail, Office, Restaurant","Executive Office, Salon",Single,"3,000",,FALSE,"3,000"
https://www.crexi.com/lease/properties/370978/california-veterans-plaza,"NWC Van Buren Blvd. & I-215, Riverside, CA 92508",Riverside County,"Retail, Office, Restaurant","Executive Office, Commercial",Multiple,"219,695",,FALSE,"1,600"
https://www.crexi.com/lease/properties/870082/california-9212-olympic-blvd,"9212 Olympic Blvd, Beverly Hills, CA 90210",Los Angeles County,"Retail, Office, Restaurant","Executive Office, Commercial",Multiple,"60,000",,TRUE,"6,832"
https://www.crexi.com/lease/properties/985333/california-22772-22792-centre-drive,"22772 & 22792 Centre Drive, Lake Forest, CA 92630",Orange County,"Retail, Office, Restaurant","Executive Office, Commercial",Multiple,"18,948",,FALSE,"18,948"
https://www.crexi.com/lease/properties/1036071/california-10118-fair-oaks-blvd-fair-oaks-ca-95628,"10118 Fair Oaks Blvd, Fair Oaks, CA 95628",,"Retail, Office, Restaurant",Traditional Office,Single,"1,656",,FALSE,"1,656"
https://www.crexi.com/lease/properties/702531/california-1231-third-st,"1231 3rd Street Promenade, Santa Monica, CA 90401",Los Angeles County,"Retail, Office, Restaurant","Executive Office, Gym",Multiple,"40,000",,TRUE,"40,000"
https://www.crexi.com/lease/properties/531429/california-6730-rosemead-blvd,"6730 Rosemead Blvd, Pico Rivera, CA 90660",Los Angeles County,"Retail, Office, Restaurant","Medical Office, Commercial",Single,"4,226",,TRUE,"4,226"
https://www.crexi.com/lease/properties/810330/california-4242-s-crenshaw-blvd,"4242 S Crenshaw Blvd, Los Angeles, CA 90008",Los Angeles County,"Retail, Office, Restaurant",Medical Office,Multiple,"6,000",,TRUE,"6,000"
https://www.crexi.com/lease/properties/521118/california-moorpark-campus-plaza,"6591-6599 Collins Drive, Moorpark, CA 93021",Ventura County,"Retail, Office, Restaurant","Traditional Office, Executive Office, Medical Office, Creative Office, Commercial, bar, food, office",Multiple,"50,000",,TRUE,"1,938"
https://www.crexi.com/lease/properties/1000543/california-3630-park-sierra-dr,"3630 Park Sierra Dr, Riverside, CA 92505",Riverside County,"Retail, Office, Restaurant","Executive Office, Commercial, Freestanding",Multiple,"7,693",,TRUE,"7,693"
https://www.crexi.com/lease/properties/715661/virginia-98-stilwell-drive,"98 General Stilwell Dr, Marina, CA 93933",Monterey County,"Retail, Office, Restaurant","Medical Office, Commerical",Multiple,"16,094",,FALSE,"16,094"
https://www.crexi.com/lease/properties/987309/california-2031-k-st,"2031 K St, Sacramento, CA 95811",Sacramento County,"Retail, Office, Restaurant",Executive Office,Multiple,"26,660",,TRUE,"26,660"
https://www.crexi.com/lease/properties/977323/california-1931-p-street,"1931 P St, Sacramento, CA 95811",Sacramento County,"Retail, Office, Restaurant",Executive Office,Multiple,"2,670",,TRUE,"2,560"
https://www.crexi.com/lease/properties/700641/california-106-10th-st,"106 10th St, Marina, CA 93933",Monterey County,"Retail, Office, Restaurant","Medical Office, Commercial",Multiple,"28,594",,TRUE,"3,036"
https://www.crexi.com/lease/properties/474582/california-200-n-san-fernando-blvd,"200 N San Fernando Blvd, Burbank, CA 91502",Los Angeles County,"Retail, Office, Restaurant","Executive Office, Commercial, Bar, Gym",Multiple,"14,190",,TRUE,"11,000"
https://www.crexi.com/lease/properties/946728/stunning-commercial-space-with-2nd-story-apartment,"1205 11th St, Reedley, CA 93654",,"Retail, Office, Restaurant",Traditional Office,Single,"4,411",,TRUE,"4,411"
https://www.crexi.com/lease/properties/474552/california-1519-wilshire-blvd,"1519 Wilshire Blvd, Santa Monica, CA 90403",Los Angeles County,"Retail, Office, Restaurant",Executive Office,Multiple,"8,800",,TRUE,"8,800"
https://www.crexi.com/lease/properties/795407/california-the-walnut-building,"691 Mill St, Los Angeles, CA 90021",Los Angeles County,"Retail, Office, Restaurant","Creative Office, Commercial",Single,"5,968",,TRUE,"5,968"
https://www.crexi.com/lease/properties/1010987/california-tehachapi-crossings,"1001 W Tehachapi Blvd, Tehachapi, CA 93561",,"Retail, Office, Restaurant","Medical Office, Traditional Office, Executive Office",Multiple,"20,543",8,TRUE,"15,100"
https://www.crexi.com/lease/properties/702230/california-1410-abbot-kinney,"1410 Abbot Kinney Blvd, Los Angeles, CA 90291",Los Angeles County,"Retail, Office, Restaurant",Executive Office,Single,600,,TRUE,600
https://www.crexi.com/lease/properties/959237/california-lincoln-office,"1010 Lincoln Ave, San Jose, CA 95125",,"Retail, Office, Restaurant",Traditional Office,Single,"1,350",,TRUE,"1,350"
https://www.crexi.com/lease/properties/996771/california-308-w-14th-st,"308 W 14th St, Los Angeles, CA 90015",Los Angeles County,"Retail, Office, Restaurant","Medical Office, Creative Office, Commercial",Single,"6,000",,TRUE,"6,000"
https://www.crexi.com/lease/properties/989654/california-stockdale-fashion-plaza,"4823 Stockdale Hwy, Bakersfield, CA 93309",Kern County,"Retail, Office, Restaurant","Executive Office, Shopping Center",Multiple,"4,960",,FALSE,"12,124"
https://www.crexi.com/lease/properties/1028646/california-1448-blackstone,"1448 N Blackstone Ave, Fresno, CA 93703",,"Retail, Office, Restaurant","Traditional Office, Executive Office, Coworking",Single,"1,872",,FALSE,"1,872"
https://www.crexi.com/lease/properties/712144/california-550-south-hill-street,"550 S Hill St, Los Angeles, CA 90013",Los Angeles County,"Retail, Office, Restaurant","Executive Office, Commercial",Multiple,"13,000",,TRUE,"13,000"
https://www.crexi.com/lease/properties/890822/california-the-mansion-retail,"1517 H St, Sacramento, CA 95814",,"Retail, Office, Restaurant","Creative Office, Medical Office",Multiple,"119,055",2,FALSE,"2,800"
https://www.crexi.com/lease/properties/865622/california-2009-high-street,"2009 High St, Alameda, CA 94501",,"Retail, Office, Restaurant","Creative Office, retail, Office",Multiple,"8,797",7,TRUE,"4,500"
https://www.crexi.com/lease/properties/143936/california-sec-herndon-ave-fresno-st,"SEC Herndon Ave. & Fresno St, Fresno, CA 93720",Fresno County,"Retail, Office, Restaurant","Medical Office, Restaurant, Fast Food, Professional Office",Multiple,"347,715",,FALSE,"250,209"
https://www.crexi.com/lease/properties/689665/california-retail-space-west-of-down-town-los-angeles,"1403 W 3rd St, Los Angeles, CA 90017",,"Retail, Office, Restaurant","Medical Office, Creative Office, Traditional Office, office, bar, sports bar, night club, liquor's store, resturant, cigar, tobacco, cigar shop",Single,0,,FALSE,"3,000"
https://www.crexi.com/lease/properties/404156/california-nwc-of-foothill-blvd-and-n-chorro-st,"790 Foothill Blvd, San Luis Obispo, CA 93405",San Luis Obispo County,"Retail, Office, Restaurant","Traditional Office, Ice Cream Shop",Multiple,"6,785",,TRUE,"6,761"
https://www.crexi.com/lease/properties/342520/california-the-plaza-on-fourth---hillcrest,"3940 Fourth Avenue, San Diego, CA 92103",San Diego County,"Retail, Office, Restaurant","Medical Office, Creative Office, mixed-use",Multiple,"22,000",,TRUE,"3,440"
https://www.crexi.com/lease/properties/980269/california-4529-s-vermont-ave,"4529 S Vermont Ave, Los Angeles, CA 90037",Los Angeles County,"Retail, Office, Restaurant","Creative Office, Traditional Office, Executive Office, Coworking, Medical Office",Multiple,"1,824",,TRUE,"1,800"
https://www.crexi.com/lease/properties/905685/california-2445-2475-north-texas-street,"2445 N Texas St, Fairfield, CA 94533",,"Retail, Office, Restaurant",Retail,Multiple,"18,691",7,TRUE,"10,258"
https://www.crexi.com/lease/properties/579721/california-strong-tie-center,"4249 E Florence Ave, Bell, CA 90201",,"Retail, Office, Restaurant","Traditional Office, Medical Office, Creative Office",Multiple,"7,073",7,TRUE,"1,212"
https://www.crexi.com/lease/properties/865535/california-colony-square,"6917 El Camino Real, Atascadero, CA 93422",,"Retail, Office, Restaurant","Traditional Office, Salon, Deli, Restaurant, Shell",Multiple,"48,960",8,FALSE,"6,833"
https://www.crexi.com/lease/properties/964273/california-lion-plaza,"1710 Tully Rd, San Jose, CA 95122",,"Retail, Office, Restaurant","Traditional Office, Executive Office, Creative Office, Medical Office",Multiple,"26,014",,TRUE,"9,583"
https://www.crexi.com/lease/properties/340439/california-olympic-hoover-center,"2300 W Olympic Blvd, Los Angeles, CA 90006",Los Angeles County,"Retail, Office, Restaurant","Traditional Office, Executive Office, Medical Office, sales office, insurance offices",Multiple,"21,653",,TRUE,"4,684"
https://www.crexi.com/lease/properties/985742/california-4529-s-vermont-ave,"4529 S Vermont Ave, Los Angeles, CA 90037",Los Angeles County,"Retail, Office, Restaurant","Traditional Office, Coworking, Creative Office",Single,,,FALSE,"1,800"
https://www.crexi.com/lease/properties/522661/4333-admiralty-way,"4333 Admiralty Way, Marina Del Rey, CA 90292",Los Angeles County,"Retail, Office, Restaurant","Executive Office, Traditional Office, Coworking, Medical Office, 1-3",Multiple,"421,244",,TRUE,"6,143"
https://www.crexi.com/lease/properties/946639/california-fullerton-court,"444 N Harbor Blvd, Fullerton, CA 92832",Orange County,"Retail, Office, Restaurant","Traditional Office, Shop Space, Retail, Office",Multiple,"25,000",1,TRUE,"2,239"
https://www.crexi.com/lease/properties/873400/california-315-n-beverly-dr,"315 - 319 N Beverly Dr, Beverly Hills, CA 90210",Los Angeles County,"Retail, Office, Restaurant",Executive Office,Multiple,"14,435",,TRUE,"14,435"
https://www.crexi.com/lease/properties/282506/california-moorpark-plaza,"530 Los Angeles Ave, Moorpark, CA 93021",Ventura County,"Retail, Office, Restaurant","Executive Office, Commercial",Multiple,"12,870",,TRUE,"9,540"
https://www.crexi.com/lease/properties/855870/california-downtown-laurel-street-san-carlos,"633 Laurel St, San Carlos, CA 94070",,"Retail, Office, Restaurant","Medical Office, Traditional Office, Restaurant, Showroom, retail, school, gym, tutor",Multiple,,,TRUE,"3,172"
https://www.crexi.com/lease/properties/782485/california-lincoln-plaza,"6211 N Pacific Ave, Stockton, CA 95211",,"Retail, Office, Restaurant","Medical Office, Executive Office, Creative Office, Spa Salon, Restaurant",Multiple,"73,000",8,FALSE,"9,145"
https://www.crexi.com/lease/properties/874996/california-suite-102,"58080 29 Palms Hwy, Yucca Valley, CA 92284",,"Retail, Office, Restaurant","Creative Office, Fast Food, Bakery",Multiple,"46,334",9,TRUE,"2,880"
https://www.crexi.com/lease/properties/652743/california-4110-4190-mission-blvd,"4110-4190 Mission Blvd, San Diego, CA 92109",San Diego County,"Retail, Office, Restaurant","Executive Office, Shopping Center, Boutiques",Multiple,"80,000",,TRUE,"1,845"
https://www.crexi.com/lease/properties/319324/california-2797-agoura-road,"2797 Agoura Rd, Westlake Village, CA 91361",Ventura County,"Retail, Office, Restaurant","Medical Office, Ground floor, 2nd Floor",Multiple,"22,427",,FALSE,"22,427"
https://www.crexi.com/lease/properties/754565/california-perris-pavilion-suite-103,"14920 Perris Blvd, Moreno Valley, CA 92553",,"Retail, Office, Restaurant",Foodcourt,Single,"24,702",,TRUE,"1,642"
https://www.crexi.com/lease/properties/785755/california-villaggio-toscano-office-space-in-healdsburg,"1260 Healdsburg Ave, Healdsburg, CA 95448",,"Retail, Office, Restaurant","Traditional Office, Executive Office, Medical Office, Creative Office",Multiple,"18,958",16,FALSE,895
https://www.crexi.com/lease/properties/376063/california-374-encinitas-blvd,"374 Encinitas Blvd, Encinitas, CA 92024",San Diego County,"Retail, Office, Restaurant","Executive Office, Commercial",Multiple,"3,700",2,FALSE,"3,700"
https://www.crexi.com/lease/properties/174734/california-2175-market-st,"2175 Market St, San Francisco, CA 94114",San Francisco County,"Retail, Office, Restaurant","Medical Office, Strip Center",Multiple,"3,146",,FALSE,946
https://www.crexi.com/lease/properties/48967/california-7475--7485-n-palm-avenue,"7475 N Palm Ave, Fresno, CA 93711",,"Retail, Office, Restaurant","Executive Office, corporate center",Multiple,"17,138",,FALSE,"17,138"
https://www.crexi.com/lease/properties/650855/california-fremont-town-center,"46848 Mission Blvd, Fremont, CA 94539",Alameda County,"Retail, Office, Restaurant","Medical Office, restaurant",Multiple,"117,068",,FALSE,"24,255"
https://www.crexi.com/lease/properties/301153/california-fremont-hub,"39201 Fremont Blvd, Fremont, CA 94538",Alameda,"Retail, Office, Restaurant","Medical Office, Commercial, Dental, Nail Salon",Multiple,"504,666",,TRUE,"94,872"
https://www.crexi.com/lease/properties/637327/california-vasco-ctr-130,"126 S Vasco Rd, Livermore, CA 94551",Alameda County,"Retail, Office, Restaurant","Traditional Office, Medical Office, Retail Space, Business Office, Spa Business, Foot Massage, Any Restaurant",Multiple,"9,558",6,FALSE,"1,200"
https://www.crexi.com/lease/properties/974769/california-rare-former-bank-space,"2450 N Brawley Ave, Fresno, CA 93722",,"Retail, Office, Restaurant",Traditional Office,Multiple,"12,470",1,TRUE,"4,000"
https://www.crexi.com/lease/properties/858165/california-freestanding-bank-building-with-drive-thru,"6950 Sunrise Blvd, Citrus Heights, CA 95610",Sacramento County,"Retail, Office, Restaurant","Drive Thru, Restaurant, Bank, Financial, Veterinarian, Medical, Office",Single,,,FALSE,"4,982"
https://www.crexi.com/lease/properties/468638/california-el-camino-north,"2335 Vista Way, Oceanside, CA 92054",San Diego County,"Retail, Office, Restaurant","Executive Office, Storefront",Multiple,"363,163",,TRUE,"67,721"
https://www.crexi.com/lease/properties/950476/california-1431-w-knox-st,"1431 W Knox St, Torrance, CA 90501",,"Retail, Office, Restaurant","Traditional Office, Shopping Center",Multiple,"51,219",,TRUE,"44,200"
https://www.crexi.com/lease/properties/868175/california-space-available-at-northwood-village,"7470 N Fresno St, Fresno, CA 93720",,"Retail, Office, Restaurant","Retail, Tailoring, Pet",Multiple,"10,000",,FALSE,"2,100"
https://www.crexi.com/lease/properties/980821/california-4420-s-main-street,"4420 Main St, Los Angeles, CA 90037",,"Retail, Office, Restaurant","Traditional Office, Executive Office, Coworking, Medical Office, Creative Office",Single,,,FALSE,"1,200"
https://www.crexi.com/lease/properties/48763/california-class-a-professional-office-complex,"7600 N Palm Ave, Fresno, CA 93711",,"Retail, Office, Restaurant","Executive Office, Professional & Strip Center",Multiple,"57,440",,FALSE,"6,982"
https://www.crexi.com/lease/properties/863866/california-411-15th-ave,"411 15th Ave, San Francisco, CA 94118",San Francisco County,"Retail, Office, Restaurant",Executive Office,Multiple,"1,542",2,FALSE,"1,542"
https://www.crexi.com/lease/properties/1041653/california-1019-5th-street,"500 J St, Marysville, CA 95901",,"Retail, Office, Restaurant",Traditional Office,Multiple,"15,010",,TRUE,"6,280"
https://www.crexi.com/lease/properties/973571/california-park-village,"1414 Park Ave, Chico, CA 95928",Butte County,"Retail, Office, Restaurant","Executive Office, Commercial",Single,"1,789",,TRUE,"1,789"
https://www.crexi.com/lease/properties/108166/california-town-center-west-shopping-center,"209-345 Town Center West, Santa Maria, CA 93458",Santa Barbara County,"Retail, Office, Restaurant",Shopping Center,Multiple,"61,000",,FALSE,"3,108"
https://www.crexi.com/lease/properties/1027703/california-sec-highway-41-and-hanford---armona,"19242 W Hanford Armona Rd, Lemoore, CA 93245",Kings County,"Retail, Office, Restaurant","Shop Space, QSR, Drive Thru, Land",Multiple,"26,488",10,FALSE,"26,488"
https://www.crexi.com/lease/properties/959062/california-suite-200,"1007 Voyager Dr, Tehachapi, CA 93561",,"Retail, Office, Restaurant",Medical Office,Multiple,"6,055",4,FALSE,"4,200"
https://www.crexi.com/lease/properties/938782/california-1500-1512-sunnyvale-ave-walnut-creek-ca-94597,"1500-1512 Sunnyvale Ave, Walnut Creek, CA 94597",Contra Costa County,"Retail, Office, Restaurant","Traditional Office, Medical Office",Multiple,"8,460",,FALSE,"1,536"
https://www.crexi.com/lease/properties/929047/california-52-mission-circle,"52 Mission Cir, Santa Rosa, CA 95409",Sonoma County,"Retail, Office, Restaurant","Executive Office, Shopping Center, Bar",Multiple,"2,520",,TRUE,855
https://www.crexi.com/lease/properties/965007/california-3165-broad-st,"3165 Broad St, San Luis Obispo, CA 93401",,"Retail, Office, Restaurant","Executive Office, Commercial, Office",Multiple,"3,840",1,TRUE,"1,640"
https://www.crexi.com/lease/properties/975512/california-thomas-winery-plaza,"8916 Foothill Blvd, Rancho Cucamonga, CA 91730",,"Retail, Office, Restaurant","Creative Office, Traditional Office, Medical Office",Multiple,"96,636",38,TRUE,"12,773"
https://www.crexi.com/lease/properties/694735/california-skyline-plaza-shopping-center,"5-192 Skyline Plaza, Daly City, CA 94015",San Mateo County,"Retail, Office, Restaurant","Executive Office, Medical Office, Shopping Center",Multiple,"104,000",,FALSE,"5,224"
https://www.crexi.com/lease/properties/885018/california-171-main-street,"171 Main St, Brawley, CA 92227",,"Retail, Office, Restaurant","Traditional Office, Coworking, Creative Office, Medical Office, Executive Office",Single,"4,200",,FALSE,"4,200"
https://www.crexi.com/lease/properties/32377/california-oak-crest-office-park,"31248 Oak Crest Dr, Westlake Village, CA 91361",Ventura County,"Retail, Office, Restaurant","Executive Office, Creative Office, hotels",Multiple,"53,133",,TRUE,"15,507"
https://www.crexi.com/lease/properties/697508/california-901-abbot-kinney-blvd,"901 Abbot Kinney Blvd, Venice, CA 90291",Los Angeles County,"Retail, Office, Restaurant",Executive Office,Multiple,"14,275",,TRUE,"14,275"
https://www.crexi.com/lease/properties/974869/california-1195-w-mission-blvd,"1195 W Mission Blvd, Pomona, CA 91766",Los Angeles County,"Retail, Office, Restaurant","Executive Office, Commercial",Single,"1,125",,FALSE,"1,125"
https://www.crexi.com/lease/properties/948991/california-high-street-depot-retail-spaces-coming-soon,"80 E High St, Moorpark, CA 93021",,"Retail, Office, Restaurant","Traditional Office, Creative Office",Multiple,"13,451",,FALSE,"13,451"
https://www.crexi.com/lease/properties/980711/california-5400-s-western-ave,"5404 S Western Ave, Los Angeles, CA 90062",,"Retail, Office, Restaurant","Traditional Office, Coworking, Medical Office, Creative Office, Executive Office",Multiple,"10,000",,FALSE,"10,000"
https://www.crexi.com/lease/properties/298400/california-595-east-colorado-boulevard,"595 East Colorado Blvd, Pasadena, CA 91101",Los Angeles County,"Retail, Office, Restaurant","Executive Office, Commercial",Multiple,"30,234",,TRUE,"2,315"
https://www.crexi.com/lease/properties/759059/california-shasta-crossroads,"1330 Churn Creek Road, Redding, CA 96003",Shasta County,"Retail, Office, Restaurant","Medical Office, Commercial",Multiple,"114,453",,FALSE,"13,901"
https://www.crexi.com/lease/properties/319395/california-2900-townsgate-road-214,"2900 Townsgate Road, Westlake Village, CA 91361",Ventura County,"Retail, Office, Restaurant","Executive Office, Commercial",Multiple,"12,557",,FALSE,"12,557"
https://www.crexi.com/lease/properties/399818/california-8000-sunset-strip-sc,"8000 Sunset Blvd, Los Angeles, CA 90046",Los Angeles County,"Retail, Office, Restaurant","Executive Office, Commercial, Storage",Multiple,"170,756",,TRUE,"15,777"
https://www.crexi.com/lease/properties/591016/california-westlake-shopping-center,"3501 Del Paso Rd, Sacramento, CA 95835",Sacramento County,"Retail, Office, Restaurant","Executive Office, Shopping Center",Multiple,"31,980",,FALSE,"1,950"
https://www.crexi.com/lease/properties/720766/frontier-town-suite-20,"3507 Tully Rd, Modesto, CA 95356",,"Retail, Office, Restaurant","Traditional Office, Executive Office, Medical Office",Multiple,"36,869",20,TRUE,"3,700"
https://www.crexi.com/lease/properties/384885/california-village-square,"2220 Mountain Blvd, Oakland, CA 94611",Alameda County,"Retail, Office, Restaurant",Traditional Office,Multiple,1,,FALSE,696
https://www.crexi.com/lease/properties/301224/california-2081-arena-blvd,"2081 Arena Blvd, Sacramento, CA 95834",Sacramento County,"Retail, Office, Restaurant","Executive Office, Mixed Use, Shopping Center",Multiple,"24,000",,FALSE,"8,928"
https://www.crexi.com/lease/properties/300968/california-city-heights-center,"4421 University Ave, San Diego, CA 92105",San Diego County,"Retail, Office, Restaurant","Medical Office, Shopping center, Commercial",Multiple,"108,741",,TRUE,"1,192"
https://www.crexi.com/lease/properties/973552/california-800-bruce-rd,"800 Bruce Rd, Chico, CA 95928",Butte County,"Retail, Office, Restaurant",Executive Office,Multiple,"3,500",,TRUE,"2,400"
https://www.crexi.com/lease/properties/112178/california-2491-first-street,"2491-2495 1st St., Livermore, CA 94550",Alameda County,"Retail, Office, Restaurant","Executive Office, Traditional Storefront",Multiple,"7,150",,FALSE,"6,196"
https://www.crexi.com/lease/properties/1021029/california-3304---3314-sepulveda-blvd,"3304 - 3314 Sepulveda Blvd, Torrance, CA 90505",Los Angeles County,"Retail, Office, Restaurant",Executive Office,Multiple,"7,356",,FALSE,"10,856"
https://www.crexi.com/lease/properties/896970/california-chinatown-retail-office-space,"933 N Broadway, Los Angeles, CA 90012",,"Retail, Office, Restaurant",Creative Office,Single,,,FALSE,"5,000"
https://www.crexi.com/lease/properties/993381/california-columbia-plaza,"1856 Columbia Ave, Riverside, CA 92507",Riverside County,"Retail, Office, Restaurant",Medical Office,Multiple,"10,165",,TRUE,"10,165"
https://www.crexi.com/lease/properties/476355/california-3rd-and-mednik,"131-251 S Mednik Ave, East Los Angeles, CA 90022",Los Angeles County,"Retail, Office, Restaurant","End Cap, Restaurant, 2nd Generation, Shop Space",Multiple,"4,294",,FALSE,"2,883"
https://www.crexi.com/lease/properties/936084/california-12-bridges-retail-center,"720 Twelve Bridges Dr, Lincoln, CA 95648",Placer County,"Retail, Office, Restaurant",Medical Office,Multiple,"10,064",3,TRUE,"7,385"
https://www.crexi.com/lease/properties/474560/california-7901-7913-santa-monica-blvd,"7901-7913 Santa Monica Blvd, West Hollywood, CA 90046",Los Angeles County,"Retail, Restaurant",Storefront,Single,"2,361",,TRUE,"2,361"
https://www.crexi.com/lease/properties/707721/california-11281-santa-monica-blvd,"11281 Santa Monica Blvd, Los Angeles, CA 90025",Los Angeles County,"Retail, Restaurant",Commercial,Single,"1,650",,FALSE,"1,650"
https://www.crexi.com/lease/properties/323556/california-poinsettia-village,"7130 - 7188 Avenida Encinas, Carlsbad, CA 92011",San Diego County,"Retail, Restaurant",Shopping Center,Multiple,"179,401",,FALSE,"5,385"
https://www.crexi.com/lease/properties/353994/california-1951-telegraph-ave,"1951 Telegraph Ave, Oakland, CA 94612",Alameda County,"Retail, Restaurant",Restaurant,Multiple,"4,372",,FALSE,"3,723"
https://www.crexi.com/lease/properties/287158/california-14239-rosecrans-ave,"14239 Rosecrans Ave, La Mirada, CA 90638",Los Angeles County,"Retail, Restaurant",Shopping center,Multiple,"13,738",,FALSE,"3,423"
https://www.crexi.com/lease/properties/950508/california-el-toro-trabuco,"22475 El Toro Rd, Lake Forest, CA 92630",Orange County,"Retail, Restaurant",Commercial,Multiple,"77,411",,FALSE,"3,730"
https://www.crexi.com/lease/properties/447123/california-madison-plaza,"6001 Madison Ave, Carmichael, CA 95608",Sacramento County,"Retail, Restaurant",Commercial,Multiple,"212,754",,TRUE,"8,100"
https://www.crexi.com/lease/properties/1049386/california-4745-carpinteria-ave,"4745 Carpinteria Ave, Carpinteria, CA 93013",Santa Barbara County,"Retail, Restaurant",Mixed use,Single,"2,000",,TRUE,"2,000"
https://www.crexi.com/lease/properties/929608/california-clinton-keith-village-shopping-center,"24046 - 24088 Clinton Keith Rd, Wildomar, CA 92595",Riverside County,"Retail, Restaurant",Commercial,Multiple,"4,818",,FALSE,"4,818"
https://www.crexi.com/lease/properties/870273/california-3-baseline-restuarants,"225 E Baseline St, San Bernardino, CA 92410",,"Retail, Restaurant",3 STANDALONE RESTUARANTS HIGH,Multiple,"6,032",3,TRUE,"6,032"
https://www.crexi.com/lease/properties/474569/california-12109-ventura-place,"12109 Ventura Place, Los Angeles, CA 91604",Los Angeles County,"Retail, Restaurant",Commercial,Multiple,"5,348",,TRUE,"5,348"
https://www.crexi.com/lease/properties/1029988/ela-restaurant-bakery,"3727 E. 1st Street, Los Angeles, CA 90063, Los Angeles, US",,"Retail, Restaurant",Bakery,Single,"3,000",,TRUE,"3,000"
https://www.crexi.com/lease/properties/340106/california-third-and-traction,"806–820 E 3rd St, Los Angeles, CA 90013",Los Angeles County,"Retail, Restaurant",Commercial,Multiple,"66,800",,TRUE,"47,245"
https://www.crexi.com/lease/properties/301140/california-fulton-market-place,"1407 Fulton Rd, Santa Rosa, CA 95401",Sonoma County,"Retail, Restaurant",Commercial,Multiple,"102,478",,TRUE,"6,604"
https://www.crexi.com/lease/properties/971103/california-894-folsom-st,"894 Folsom St, San Francisco, CA 94107",San Francisco County,"Retail, Restaurant",,Single,"1,750",,FALSE,"1,750"
https://www.crexi.com/lease/properties/323576/california-the-crossings-at-corona,"I-15 & Cajalco Road, Corona, CA 92881",Riverside County,"Retail, Restaurant","Shopping Center, Commercial",Multiple,"962,326",,FALSE,"116,356"
https://www.crexi.com/lease/properties/1043524/california-moss-plaza,"1848 Westwood Blvd, Los Angeles, CA 90025",Los Angeles County,"Retail, Restaurant",Commercial,Multiple,"17,056",,TRUE,"1,453"
https://www.crexi.com/lease/properties/994531/california-634-broadway,"634 Broadway, San Diego, CA 92101",San Diego County,"Retail, Restaurant",Bar,Single,"3,000",,FALSE,"3,000"
https://www.crexi.com/lease/properties/987562/california-2101-harbor-blvd,"2101 Harbor Blvd, Costa Mesa, CA 92627",Orange County,"Retail, Restaurant","Bar, Freestanding",Multiple,840,,FALSE,840
https://www.crexi.com/lease/properties/340129/california-257-n-canon,"257 N Canon Dr, Beverly Hills, CA 90210",Los Angeles County,"Retail, Restaurant",Commercial,Multiple,"15,575",,TRUE,"7,577"
https://www.crexi.com/lease/properties/1017850/california-william-tell-house,"26955 State Route 1, Tomales, CA 94971",Marin County,"Retail, Restaurant",Restaurant,Multiple,"6,303",,TRUE,"6,303"
https://www.crexi.com/lease/properties/997788/california-4025-piedmont-ave,"4001 B & 4025 Piedmont Ave, Oakland, CA 94611",Alameda,"Retail, Restaurant",Commercial,Multiple,"2,411",,FALSE,"2,411"
https://www.crexi.com/lease/properties/1038185/california-cloud-kitchen,"42550 Albrae St, Fremont, CA 94538",Alameda County,"Retail, Restaurant",Modern Cloud Kitchen,Single,245,,FALSE,245
https://www.crexi.com/lease/properties/838764/california-2621-2661-springs-rd,"2621-2661 Springs Rd, Vallejo, CA 94591",Solano County,"Retail, Restaurant","Commercial, Anchor, Shopping Center",Multiple,"42,462",,TRUE,"21,255"
https://www.crexi.com/lease/properties/284917/california-robertson,"998 S Robertson, Los Angeles, CA 90035",Los Angeles County,"Retail, Restaurant","Office, Resturant, Takeout, Medical",Multiple,"1,350",,FALSE,"1,350"
https://www.crexi.com/lease/properties/1042845/california-gateway-chula-vista,"333 H St, Chula Vista, CA 91910",San Diego County,"Retail, Restaurant",Commercial,Single,"1,719",,TRUE,"1,719"
https://www.crexi.com/lease/properties/965223/california-silver-lake-retail-next-to-all-day-baby,"3208 W Sunset Blvd, Los Angeles, CA 90026",Los Angeles County,"Retail, Restaurant",Commercial,Multiple,"11,496",,TRUE,840
https://www.crexi.com/lease/properties/331842/california-gateway-corporate-center,"21660 & 21700 Copley Dr, Diamond Bar, CA 91765",Los Angeles County,"Retail, Restaurant",Commercial,Multiple,"17,141",,TRUE,"1,030"
https://www.crexi.com/lease/properties/979499/california-restaurant-for-lease,"15040 Valley Blvd, Fontana, CA 92335",San Bernardino County,"Retail, Restaurant",Comercial,Single,"2,000",,TRUE,"1,300"
https://www.crexi.com/lease/properties/990979/california-pearl-street,"520 Pearl St, San Diego, CA 92037",San Diego County,"Retail, Restaurant","Commercial, Mixed Use",Multiple,"1,400",,TRUE,"1,400"
https://www.crexi.com/lease/properties/965121/california-5320-n-figueroa-st,"5320 N Figueroa St, Los Angeles, CA 90042",Los Angeles County,"Retail, Restaurant",,Single,"1,616",,TRUE,"1,616"
https://www.crexi.com/lease/properties/622387/california-705-w-capitol-expressway,"705 W Capitol Expy, San Jose, CA 95136",Santa Clara County,"Retail, Restaurant",Commercial,Multiple,"6,600",2,FALSE,"3,000"
https://www.crexi.com/lease/properties/812893/california-4th-milliken-retail-center,"11226 Fourth St, Rancho Cucamonga, CA 91730",San Bernardino County,"Retail, Restaurant",Commercial,Multiple,"5,309",,FALSE,"2,750"
https://www.crexi.com/lease/properties/971790/california-407-walnut-st-ab,"407 Walnut St A&B, Chico, CA 95928",Butte County,"Retail, Restaurant",Commercial,Single,"2,700",,TRUE,"2,700"
https://www.crexi.com/lease/properties/1033164/california-2102-union-st,"2102 Union St, San Francisco, CA 94123",San Francisco County,"Retail, Restaurant",Commercial,Single,"1,000",,FALSE,"1,000"
https://www.crexi.com/lease/properties/956781/california-11031-11061-santa-monica,"11031-11061 Santa Monica Blvd, Los Angeles, CA 90025",Los Angeles County,"Retail, Restaurant","Commercial, Shopping Center, Retail Center",Multiple,"8,767",,TRUE,"4,274"
https://www.crexi.com/lease/properties/925931/california-495-the-promenade-n,"495 The Promenade N, Long Beach, CA 90802",Los Angeles County,"Retail, Restaurant",Ground floor restaurant/retail availability underneath newly-constructed apartment units,Single,,,FALSE,"5,621"
https://www.crexi.com/lease/properties/25232/california-rancho-temecula-town-center,"39540-39848 Winchester Road, Temecula, CA 92591",Riverside County,"Retail, Restaurant",Shopping Center,Multiple,"165,496",,FALSE,"27,852"
https://www.crexi.com/lease/properties/981718/california-1109-s-pacific-coast-hwy,"1109 S Pacific Coast Hwy, Redondo Beach, CA 90277",Los Angeles County,"Retail, Restaurant",Commercial,Single,"2,704",,FALSE,"2,704"
https://www.crexi.com/lease/properties/474537/california-8755-melrose-ave,"8755 Melrose Ave, West Hollywood, CA 90069",Los Angeles County,"Retail, Restaurant","Commercial, Restaurant",Single,"3,832",,FALSE,"3,832"
https://www.crexi.com/lease/properties/855297/california-meridian,"1415 L St, Sacramento, CA 95814",Sacramento County,"Retail, Restaurant",Commercial,Multiple,"3,991",,FALSE,"4,891"
https://www.crexi.com/lease/properties/340155/california-477-479-n-rodeo-dr,"477 N Rodeo Dr, Beverly Hills, CA 90210",Los Angeles County,"Retail, Restaurant",Coffee Shop,Single,930,,TRUE,930
https://www.crexi.com/lease/properties/885449/california-1465-e-vista-way,"1465 E Vista Way, Vista, CA 92084",San Diego County,"Retail, Restaurant",Commercial,Multiple,"4,262",,FALSE,"1,578"
https://www.crexi.com/lease/properties/989693/california-the-plaza-at-golden-valley,"19001-19415 Golden Valley Rd, Santa Clarita, CA 91387",Los Angeles County,"Retail, Restaurant",Commercial,Multiple,"600,000",,FALSE,"7,982"
https://www.crexi.com/lease/properties/700629/massachusetts-2754-sand-dune-avenu,"2754 Sand Dune Avenue, Marina, CA 93933",Monterey County,"Retail, Restaurant",Commercial,Multiple,"2,476",,FALSE,"2,476"
https://www.crexi.com/lease/properties/340145/california-7046-hollywood-blvd,"7046 Hollywood Blvd, Los Angeles, CA 90028",Los Angeles County,"Retail, Restaurant",Storefront,Single,"34,687",,TRUE,"34,687"
https://www.crexi.com/lease/properties/838519/california-twohy-retail,"200 S 1st St, San Jose, CA 95113",,"Retail, Restaurant","Pub, Bar, Fast Food, Hair Salon, Jamba, Donut Shop",Multiple,"45,610",,FALSE,"1,750"
https://www.crexi.com/lease/properties/612405/california-town-center-square,"10920, 10990 & 11010  Foothill Blvd, Rancho Cucamonga, CA 91730",San Bernardino County,"Retail, Restaurant",Commercial,Multiple,"51,603",,FALSE,"44,394"
https://www.crexi.com/lease/properties/28945/california-french-valley-village-center,"NEC Winchester Rd/Hwy 79 & Benton Rd, Winchester, CA 92596",Riverside County,"Retail, Restaurant","Commercial, Shopping Center, Hair Salon",Multiple,"113,928",,FALSE,"3,088"
https://www.crexi.com/lease/properties/898034/california-495-bay-st,"495 Bay St, San Francisco, CA 94133",San Francisco County,"Retail, Restaurant",Commercial,Single,913,,FALSE,913
https://www.crexi.com/lease/properties/973734/california-853---857-n-la-cienega-blvd-west,"853 - 857 N La Cienega Blvd, Los Angeles, CA 90069",Los Angeles County,"Retail, Restaurant",Commercial,Multiple,"8,300",,FALSE,"8,300"
https://www.crexi.com/lease/properties/751666/california-university-gateway,"3335 S Figueroa St, Los Angeles, CA 90007",Los Angeles County,"Retail, Restaurant",Shop,Multiple,"11,372",2,TRUE,"11,372"
https://www.crexi.com/lease/properties/54772/california-retail-restaurant-and-pad-space,"91 FWY & Artesia Blvd, Cerritos, CA 90621",Los Angeles County,"Retail, Restaurant","Shop Space, Restaurant Space",Multiple,"517,613",,FALSE,"31,964"
https://www.crexi.com/lease/properties/1033645/california-sec-first-st-bullard-ave,"5754 N First St, Fresno, CA 93710",Fresno County,"Retail, Restaurant",Restaurant,Multiple,"2,050",,FALSE,"2,050"
https://www.crexi.com/lease/properties/704068/california-two-hundred-pine-street,"200 Pine St, SF, CA 94104",,"Retail, Restaurant","Cafe, Fast Food",Multiple,0,,FALSE,"4,110"
https://www.crexi.com/lease/properties/974403/california-the-shops-at-livermore,"3000-3090 W. Jack London Blvd, Livermore, CA 94551",Alameda County,"Retail, Restaurant","Fitness, Entertainment, Service",Multiple,"3,971",2,TRUE,"3,971"
https://www.crexi.com/lease/properties/793206/california-1601-north-main-street,"1601 N Main St, Walnut Creek, CA 94596",Contra Costa County,"Retail, Restaurant",Commercial,Multiple,"1,553",,FALSE,"1,553"
https://www.crexi.com/lease/properties/353923/california-alamedas-vibrant-retail-corridor,"1320-1364 Park Street, Alameda, CA 94501",Alameda County,"Retail, Restaurant",Commercial,Multiple,"16,615",,FALSE,"9,945"
https://www.crexi.com/lease/properties/1000541/california-4880-telephone-road,"4880 Telephone Rd, Ventura, CA 93003",Ventura County,"Retail, Restaurant",Commercial,Multiple,"252,000",,FALSE,"7,220"
https://www.crexi.com/lease/properties/542713/california-mccall-square-i,"McCall Square I, Menifee, CA 92585",Riverside County,"Retail, Restaurant",commercial,Multiple,"13,100",,FALSE,"1,750"
https://www.crexi.com/lease/properties/672711/california-2-agoura-village-center,"29020 Agoura Rd, Agoura Hills, CA 91301",Los Angeles County,"Retail, Restaurant",Salon,Multiple,"19,481",,TRUE,934
https://www.crexi.com/lease/properties/531373/california-3221-w-temple-street,"3221 W Temple St, Los Angeles, CA 90026",Los Angeles County,"Retail, Restaurant",Commercial,Single,750,,FALSE,750
https://www.crexi.com/lease/properties/1033168/california-1700-post-st,"1700 Post St, San Francisco, CA 94115",San Francisco County,"Retail, Restaurant",Bar,Multiple,"7,987",,FALSE,"7,987"
https://www.crexi.com/lease/properties/844537/california-54850-twentynine-palms-highway,"54850 29 Palms Hwy, Yucca Valley, CA 92284",San Bernardino County,"Retail, Restaurant","Bar, Commercial, 2nd Gen. Restaurant space",Single,"5,000",,FALSE,"5,000"
https://www.crexi.com/lease/properties/719709/california-899-traction-ave,"899 Traction Ave, Los Angeles, CA 90013",Los Angeles County,"Retail, Restaurant",Bar,Single,"3,000",,FALSE,"3,000"
https://www.crexi.com/lease/properties/963208/california-5920-5926-atlantic-blvd,"5902-5926 Atlantic Blvd, Maywood, CA 90270",,"Retail, Restaurant","medical, retail, restaurant",Multiple,"10,428",,FALSE,"10,428"
https://www.crexi.com/lease/properties/759082/california-north-point-landing,"3848 McHenry Avenue, Modesto, CA 95356",Stanislaus County,"Retail, Restaurant",Commercial,Multiple,"152,812",,FALSE,"8,155"
https://www.crexi.com/lease/properties/850958/california-former-restaurant-with-hood-and-walk-in,"1847 Bellevue Rd, Atwater, CA 95301",Merced County,"Retail, Restaurant",Office,Single,,,FALSE,"2,000"
https://www.crexi.com/lease/properties/648661/california-nec-atlantic-ave-santa-ana-st,"8050 Atlantic Ave, Cudahy, CA 90201",,"Retail, Restaurant",Drive-Thru,Single,"1,364",,FALSE,"1,364"
https://www.crexi.com/lease/properties/581476/california-3129-w-sunset-blvd,"3129 W Sunset Blvd, Los Angeles, CA 90026",Los Angeles County,"Retail, Restaurant","Restaurant, Commercial",Single,"3,766",,TRUE,"3,766"
https://www.crexi.com/lease/properties/399713/california-6334-el-cajon-blvd,"6334 El Cajon Blvd, San Diego, CA 92115",San Diego County,"Retail, Restaurant",Kitchen,Multiple,200,,FALSE,200
https://www.crexi.com/lease/properties/845871/california-9100-9150-reseda-blvd,"9100 Reseda Blvd, Los Angeles, CA 91324",Los Angeles County,"Retail, Restaurant",Shopping Center,Multiple,"116,981",,TRUE,"8,210"
https://www.crexi.com/lease/properties/59237/california-the-pavilion,"803-819 State Street; 8-12 W. De La Guerra Street, Santa Barbara, CA 93101",Santa Barbara County,"Retail, Restaurant",Strip Center,Multiple,"59,781",,TRUE,"8,989"
https://www.crexi.com/lease/properties/884885/california-orange-show,"510 W Orange Show Rd, San Bernardino, CA 92408",,"Retail, Restaurant","Retail, Restaurant",Single,"4,800",,TRUE,"4,800"
https://www.crexi.com/lease/properties/710149/california-2700--4000-sf-restaurant-space,"4114 Sepulveda Blvd, Culver City, CA 90230",Los Angeles County,"Retail, Restaurant","Cafe, Commercial",Multiple,"13,945",,FALSE,"9,295"
https://www.crexi.com/lease/properties/985220/california-foothill-ranch,"26741, 26761, 26771, 26781, 26795 Portola Pkwy, Foothill Ranch, CA 92610",Orange County,"Retail, Restaurant","Commercial, Shopping Center",Multiple,"42,086",,FALSE,"5,255"
https://www.crexi.com/lease/properties/668908/california-12056-carson-st,"12056 E carson street, Hawaiian Gardens, CA 90716",Los Angeles County,"Retail, Restaurant",Commercial,Single,"12,375",,FALSE,"12,375"
https://www.crexi.com/lease/properties/420381/california-hyatt-house-la,"2200 Trojan Wy, Los Angeles, CA 90033",,"Retail, Restaurant","Event space, mixed use, restaurant",Multiple,"14,000",,FALSE,"9,311"
https://www.crexi.com/lease/properties/115875/california-japan-center-east-west,"1737 Post Street - Japan Center, San Francisco, CA 94115",San Francisco County,"Retail, Restaurant",Strip Center,Multiple,"100,000",9,FALSE,"17,984"
https://www.crexi.com/lease/properties/1018803/california-241-west-east-ave-chico-ca,"241 W East Ave, Chico, CA 95926",Butte County,"Retail, Restaurant","food service, sandwich shop",Single,"7,700",,FALSE,"2,764"
https://www.crexi.com/lease/properties/923306/california-2nd-generation-drive-thru-salinas-ca,"945 Abbott St, Salinas, CA 93901",Monterey County,"Retail, Restaurant","Restaurant, Drive Thru, 2nd Generation",Single,"2,500",,FALSE,"2,500"
https://www.crexi.com/lease/properties/834903/california-redondo-shores,"401 N Pacific Coast Hwy, Redondo Beach, CA 90277",,"Retail, Restaurant","Shopping Center, restaurant, retail",Multiple,"106,799",38,FALSE,"10,759"
https://www.crexi.com/lease/properties/348345/california-temescal-village-plaza,"NWC MAGNOLIA AVENUE AND RIMPAU AVENUE, Corona, CA 92879",Riverside County,"Retail, Restaurant","Retail, Big Box, restaurant",Multiple,0,3,FALSE,"2,320"
https://www.crexi.com/lease/properties/986000/california-8386-beverly-blvd,"8386 Beverly Blvd, West Hollywood, CA 90048",Los Angeles County,"Retail, Restaurant",Commercial,Single,"2,350",,FALSE,"2,350"
https://www.crexi.com/lease/properties/319394/california-120-n-robertson-boulevard,"120 N Robertson Blvd, Los Angeles, CA 90048",Los Angeles County,"Retail, Restaurant",Commercial,Multiple,"5,642",,FALSE,"4,057"
https://www.crexi.com/lease/properties/99983/california-8590-sunset-boulevard,"8590 Sunset Boulevard, West Hollywood, CA 90069",Los Angeles County,"Retail, Restaurant",Storefront,Multiple,"5,724",,FALSE,"4,207"
https://www.crexi.com/lease/properties/320864/california-4403-elkhorn-blvd,"4307 - 4419 Elkhorn Blvd, Sacramento, CA 95842",Sacramento County,"Retail, Restaurant","Strip Center, veterinary",Multiple,"3,984",,FALSE,"3,984"
https://www.crexi.com/lease/properties/327200/california-1957-foothill-parkway-rd,"1957 Foothill Parkway Rd, Corona, CA 92881",Riverside County,"Retail, Restaurant",Retail,Single,"4,000",,TRUE,"4,000"
https://www.crexi.com/lease/properties/886558/california-5250-w-el-segundo-blvd,"5250 W El Segundo Blvd, Hawthorne, CA 90250",Los Angeles County,"Retail, Restaurant",Commercial,Single,"6,875",,FALSE,"6,875"
https://www.crexi.com/lease/properties/353317/california-galleria,"2405 Capitol St, Fresno, CA 93721",Fresno County,"Retail, Restaurant",Retail,Multiple,"11,250",7,FALSE,"1,205"
https://www.crexi.com/lease/properties/845882/california-5211-york-blvd,"5211 York Blvd, Los Angeles, CA 90042",,"Retail, Restaurant",,Single,906,,FALSE,906
https://www.crexi.com/lease/properties/319323/california-407-colorado-avenue,"407 Colorado Ave, Santa Monica, CA 90401",,"Retail, Restaurant","Commercial, retail",Multiple,"4,707",,TRUE,"4,707"
https://www.crexi.com/lease/properties/1038751/california-696-s-new-hampshire-ave---hallasan,"696 S New Hampshire Ave, Los Angeles, CA 90005",,"Retail, Restaurant","Cafe, Fitness, Restaurant",Multiple,"2,832",2,FALSE,"2,832"
https://www.crexi.com/lease/properties/399723/california-949-ruff-drive,"949 Ruff Dr, San Jose, CA 95110",Santa Clara County,"Retail, Restaurant",Kitchen,Multiple,200,,FALSE,200
https://www.crexi.com/lease/properties/1020606/california-corner-space-former-juice-fitness-space,"8101 Long Beach Blvd, South Gate, CA 90280",Los Angeles County,"Retail, Restaurant","Cafe, Juice Bar, Fitness, Retail, Desserts",Multiple,"18,750",18,FALSE,"2,100"
https://www.crexi.com/lease/properties/758762/california-4420-coffee-rd,"4420-4580 Coffee Rd, Bakersfield, CA 93308",Kern County,"Retail, Restaurant",Commercial,Multiple,"94,012",,FALSE,"2,100"
https://www.crexi.com/lease/properties/935567/california-swc-yosemite-and-elm,"1301 E Yosemite Ave, Madera, CA 93638",Madera County,"Retail, Restaurant","Drive Thru, Car Wash, Coffee, Bank, Pharmacy, Drug Store",Multiple,"12,000",,FALSE,"12,000"
https://www.crexi.com/lease/properties/301156/california-novato-fair-sc,"900 Diablo Ave, Novato, CA 94947",Marin County,"Retail, Restaurant","Commercial, Strip Center",Multiple,"133,485",,TRUE,"27,962"
https://www.crexi.com/lease/properties/750486/california-24-south-park-st,"24 S Park St, San Francisco, CA 94107",San Francisco County,"Retail, Restaurant",Commercial,Single,"1,600",,FALSE,"1,600"
https://www.crexi.com/lease/properties/399883/california-chino-hills-marketplace,"4200 Chino Hills Pkwy #400, Chino Hills, CA 91709",San Bernardino County,"Retail, Restaurant",Commercial,Multiple,"310,612",,TRUE,"3,642"
https://www.crexi.com/lease/properties/315066/california-1010-s-coast-highway-101,"1010 S. Coast Highway 101, Encinitas, CA 92024",San Diego County,"Retail, Restaurant",Beach,Multiple,"13,858",,TRUE,"6,507"
https://www.crexi.com/lease/properties/952262/california-2545-24th-st,"2545 24th St, San Francisco, CA 94110",San Francisco County,"Retail, Restaurant","Storage, Bar, Commercial",Multiple,"3,375",2,FALSE,"3,375"
https://www.crexi.com/lease/properties/459757/california-238-n-canon-drive,"238 N Canon Dr, Beverly Hills, CA 90210",,"Retail, Restaurant","retail/restaurant, rooftop",Multiple,"8,477",,FALSE,"8,477"
https://www.crexi.com/lease/properties/1033133/california-8654-sunset-boulevard,"8654 Sunset Blvd, West Hollywood, CA 90069",Los Angeles County,"Retail, Restaurant",Commercial,Multiple,"4,012",,TRUE,"4,012"
https://www.crexi.com/lease/properties/994646/california-county-faire,"NEC Placerville Rd & Fair Ln, Placerville, CA 95667",El Dorado County,"Retail, Restaurant",Comnmercial,Multiple,"95,449",,TRUE,"68,750"
https://www.crexi.com/lease/properties/925934/california-683-geary-street,"683 Geary St, San Francisco, CA 94102",San Francisco County,"Retail, Restaurant",Commercial,Multiple,795,2,FALSE,795
https://www.crexi.com/lease/properties/484041/california-1014-10th-st,"1014 10th St, Sacramento, CA 95814",,"Retail, Restaurant",deli,Multiple,"3,480",,FALSE,"3,480"
https://www.crexi.com/lease/properties/637133/california-1102-1108-valencia-street,"1108 Valencia Street, San Francisco, CA 94110",San Francisco County,"Retail, Restaurant",Commercial,Multiple,"1,434",,FALSE,"1,434"
https://www.crexi.com/lease/properties/917929/california-20790-hawthorne-blvd,"20790 Hawthorne Blvd, Torrance, CA 90503",,"Retail, Restaurant",,Multiple,"1,873",,TRUE,"1,873"
https://www.crexi.com/lease/properties/1020854/california-kenneth-hahn-plaza,"11700-11860 S Wilmington Avenue, Compton, CA 90222",Los Angeles County,"Retail, Restaurant","Commercial, retail",Multiple,"3,540",,FALSE,"3,756"
https://www.crexi.com/lease/properties/887221/california-478-4th-place-solvang,"478 4th Pl, Solvang, CA 93463",Santa Barbara County,"Retail, Restaurant",Commercial,Single,"3,500",,TRUE,"3,500"
https://www.crexi.com/lease/properties/163085/california-19171931-n-bronson-ave,"1925 N Bronson Ave, Los Angeles, CA 90068",Los Angeles County,"Retail, Restaurant","Storefront, Strip Center, Shopping Center",Multiple,"13,075",,FALSE,"2,597"
https://www.crexi.com/lease/properties/319316/california-500-broadway,"500 Broadway, Santa Monica, CA 90401",Los Angeles County,"Retail, Restaurant","Grocer Space, retail",Multiple,"54,000",,TRUE,"54,000"
https://www.crexi.com/lease/properties/351836/california-16490-bolsa-chica-street,"16490 Bolsa Chica St, Huntington Beach, CA 92649",,"Retail, Restaurant",Shopping Center,Multiple,"21,387",,FALSE,"1,238"
https://www.crexi.com/lease/properties/770462/california-3199-jefferson-st-napa,"3199 Jefferson St, Napa, CA 94558",,"Retail, Restaurant",Freestanding Retail,Single,"6,208",3,TRUE,"6,208"
https://www.crexi.com/lease/properties/106201/california-aven-development,"1120 S Grand Ave, Los Angeles, CA 90015",,"Retail, Restaurant","Shop, Pet, Experiential, Entertainment, Golf Simulator, Cafe, Flower shop, Recreational Store, Fitness, Coffee, Retail",Multiple,"5,314",,FALSE,"5,314"
https://www.crexi.com/lease/properties/310494/california-rancho-mirage-marketplace,"36101 Bob Hope Dr, Rancho Mirage, CA 92270",,"Retail, Restaurant","Shopping Center, medical, options",Multiple,"98,500",3,FALSE,"10,617"
https://www.crexi.com/lease/properties/1039975/california-94-country-plaza---6955-6971-broadway,"6955 Broadway, Lemon Grove, CA 91945",,"Retail, Restaurant",Restaurant,Multiple,"13,128",1,TRUE,"1,200"
https://www.crexi.com/lease/properties/936976/california-2207-fillmore-street,"2207 Fillmore St, San Francisco, CA 94115",San Francisco County,"Retail, Restaurant","Bar, Cafe",Multiple,"2,000",,FALSE,"2,000"
https://www.crexi.com/lease/properties/66352/california-3rd-avenue--moss-street,"3rd Avenue & Moss Street, Chula Vista, CA 91911",San Diego County,"Retail, Restaurant","Free Standing, Power Center",Multiple,"118,000",,FALSE,"30,564"
https://www.crexi.com/lease/properties/324805/california-pavilion-west-shopping-center,"SWC Bullard & West Avenues, Fresno, CA 93711",Fresno County,"Retail, Restaurant","Restaurant, Retail",Multiple,"17,048",,FALSE,"17,048"
https://www.crexi.com/lease/properties/972339/california-1080-garnet-ave,"1080 Garnet Ave, San Diego, CA 92109",,"Retail, Restaurant",Commercial,Single,"6,056",,TRUE,"1,180"
https://www.crexi.com/lease/properties/1031612/california-2080-sf-freestanding-building-or-entitled-drive-thru,"131 College Ave, Santa Rosa, CA 95401",,"Retail, Restaurant",Quick Service Restaurant,Single,"3,080",,FALSE,"3,080"
https://www.crexi.com/lease/properties/974184/california-309-hyde-st,"309 Hyde St, San Francisco, CA 94109",San Francisco County,"Retail, Restaurant","Commercial, Cafe",Single,942,,FALSE,942
https://www.crexi.com/lease/properties/925070/california-high-visibility-freestanding-corner-restaurant-w41000-aadt,"1546 Camden Ave, Campbell, CA 95008",,"Retail, Restaurant","Freestanding, Restaurant",Single,"1,130",,TRUE,"1,130"
https://www.crexi.com/lease/properties/983215/california-4140-n-first-street,"4140 N First St, Fresno, CA 93726",,"Retail, Restaurant","Shopping Center, Car Wash",Multiple,"28,314",1,TRUE,"28,314"
https://www.crexi.com/lease/properties/773179/california-13625-ventura-blvd,"13625 Ventura Blvd, Sherman Oaks, CA 91423",Los Angeles County,"Retail, Restaurant",Bar,Single,"3,704",,FALSE,"3,704"
https://www.crexi.com/lease/properties/1053208/california-2400-broadway,"2400 Broadway, Oakland, CA 94612",Alameda County,"Retail, Restaurant",Creative Office,Single,"7,000",,FALSE,"3,500"
https://www.crexi.com/lease/properties/837782/california-401-taylor-street,"401 Taylor St, San Francisco, CA 94102",San Francisco County,"Retail, Restaurant",Hotel,Multiple,"5,727",3,FALSE,"5,727"
https://www.crexi.com/lease/properties/166612/california-14845-monarch-boulevard,"14845 Monarch Blvd, Victorville, CA 92395",San Bernardino County,"Retail, Restaurant",Strip Center,Multiple,0,,FALSE,"9,700"
https://www.crexi.com/lease/properties/290798/california-bridgeworks,"230 Fifth Ave, San Diego, CA 92101",San Diego County,"Retail, Restaurant",Storefront Retail,Multiple,0,,FALSE,"5,600"
https://www.crexi.com/lease/properties/725183/california-2401-mission-street,"2401 Mission St, San Francisco, CA 94110",San Francisco County,"Retail, Restaurant",Commercial,Multiple,"3,107",,FALSE,"3,107"
https://www.crexi.com/lease/properties/1008617/california-3716-eagle-rock-boulevard,"3716 Eagle Rock Blvd, Los Angeles, CA 90065",,"Retail, Restaurant","Ghost Kitchen, Restaurant, Garden Bar",Multiple,"10,406",,FALSE,"10,406"
https://www.crexi.com/lease/properties/319375/california-the-boardwalk-at-marina-del-rey,"4625-4635 Admiralty Way, Marina del Rey, CA 90292",Los Angeles County,"Retail, Restaurant",Commercial,Multiple,"43,964",,TRUE,"33,171"
https://www.crexi.com/lease/properties/338377/california-the-shoppes-puente-hills-mall,"17501 Colima Rd, City of Industry, CA 91748",,"Retail, Restaurant","Restaurant, retail",Multiple,"20,174",9,TRUE,"1,400"
https://www.crexi.com/lease/properties/1030838/california-1217-1223-w-temple-street,"1217-1223 W Temple St, Los Angeles, CA 90026",Los Angeles County,"Retail, Restaurant",,Single,"2,460",,FALSE,"2,460"
https://www.crexi.com/lease/properties/1052106/california-manzanita-plaza,"4140 - 4150 Manzanita Ave, Carmichael, CA 95608",Sacramento County,"Retail, Restaurant","Shopping center, drive thru",Multiple,"20,317",,FALSE,"3,240"
https://www.crexi.com/lease/properties/447002/california-southampton-center,"890 Southampton rd, Benicia, CA 94510",Solano County,"Retail, Restaurant",Commercial,Multiple,"162,741",,TRUE,"8,915"
https://www.crexi.com/lease/properties/901982/california-the-times,"1722 S Coast Hwy, Oceanside, CA 92054",,"Retail, Restaurant",Commercial,Multiple,"51,929",,TRUE,"24,633"
https://www.crexi.com/lease/properties/963212/california-9128-van-nuys-blvd,"9128 Van Nuys Blvd, Los Angeles, CA 91402",Los Angeles County,"Retail, Restaurant",Commercial,Multiple,"1,090",,FALSE,"1,090"
https://www.crexi.com/lease/properties/848110/the-diggs,"1800 3rd St, Sacramento, CA 95811",,"Retail, Restaurant","Hospitality, Coffee, Bar",Multiple,"200,000",3,FALSE,"10,000"
https://www.crexi.com/lease/properties/929044/california-465-stony-point-rd,"465 Stony Point Rd, Santa Rosa, CA 95401",Sonoma County,"Retail, Restaurant",Commercial,Multiple,"1,500",,TRUE,"1,500"
https://www.crexi.com/lease/properties/436021/california-5640---5700-whitelock-rd,"5640 Whitelock Pkwy, Elk Grove, CA 95757",,"Retail, Restaurant",retail,Multiple,"4,914",,FALSE,"3,075"
https://www.crexi.com/lease/properties/1020669/california-2151-cowell-blvd,"2151 Cowell Blvd, Davis, CA 95618",Yolo County,"Retail, Restaurant",Sublease,Multiple,"6,740",,FALSE,"3,878"
https://www.crexi.com/lease/properties/276536/california-140-new-montgomery,"140 New Montgomery, San Francisco, CA 94105",San Francisco County,"Retail, Restaurant",Restaurant,Multiple,"6,372",,FALSE,"6,372"
https://www.crexi.com/lease/properties/902654/california-782-carol-ave,"782 Carol Ave, Merced, CA 95341",,"Retail, Restaurant",End Cap,Single,,,FALSE,"1,590"
https://www.crexi.com/lease/properties/300907/california-gateway-at-donner-pass,"11290 Donner Pass Rd, Truckee, CA 96161",Nevada County,"Retail, Restaurant",Shopping Center,Multiple,"81,449",,TRUE,"11,275"
https://www.crexi.com/lease/properties/378137/california-6529-e-brundage-ln,"6529 E Brundage Ln, Bakersfield, CA 93307",,"Retail, Restaurant","Freestanding, Gas station, QSR",Single,"6,200",,TRUE,"6,200"
https://www.crexi.com/lease/properties/722465/california-7111-melrose-ave,"7111 Melrose Ave, Los Angeles, CA 90036",Los Angeles County,"Retail, Restaurant",Commercial,Single,"1,600",,FALSE,"1,600"
https://www.crexi.com/lease/properties/1037163/california-101,"101 W Foothill Blvd, Azusa, CA 91702",,"Retail, Restaurant","Retail, Restaurant",Multiple,"18,684",,FALSE,"18,684"
https://www.crexi.com/lease/properties/824199/california-shoppes-at-westlake-village,"30730-30780 Russell Ranch Road, Westlake Village, CA 91362",Los Angeles County,"Retail, Restaurant","Commercial, 2nd Generation Salon Space, Service, 2nd generation restaurant",Multiple,"240,000",,TRUE,"10,117"
https://www.crexi.com/lease/properties/801712/california-4301-w-jefferson-blvd,"4301 W Jefferson Blvd, Los Angeles, CA 90016",Los Angeles County,"Retail, Restaurant",Commercial,Single,"5,083",,FALSE,"5,083"
https://www.crexi.com/lease/properties/100073/california-valley-country-market,"20929 Ventura Blvd, Woodland Hills, CA 91364",Los Angeles County,"Retail, Restaurant",Storefront,Multiple,"34,684",,FALSE,"26,380"
https://www.crexi.com/lease/properties/417264/california-ashtree-square,"1029 E Shaw Ave, Fresno, CA 93710",,"Retail, Restaurant","shopping center, restaurant",Multiple,"80,877",,FALSE,"30,931"
https://www.crexi.com/lease/properties/945615/california-axis-on-twelfth,"1200 S Broadway, Los Angeles, CA 90015",Los Angeles County,"Retail, Restaurant","Fitness, Restaurant, Market, Gallery",Multiple,"10,000",,FALSE,"7,406"
https://www.crexi.com/lease/properties/99494/california-oakbrook-shopping-center,"SWC Avenida De Los Arboles / Erbes Road, Thousand Oaks, CA 91362",Ventura County,"Retail, Restaurant","Community Shopping Center, bank",Multiple,0,,FALSE,"1,050"
https://www.crexi.com/lease/properties/1036252/california-plaza-del-valle,"11912 Valley Blvd, El Monte, CA 91732",Los Angeles County,"Retail, Restaurant","Inline, Endcap",Multiple,"7,860",,FALSE,"7,860"
https://www.crexi.com/lease/properties/147008/california-the-livingston-building,"605 - 725 High Street, Auburn, CA 95603",Placer County,"Retail, Restaurant",Storefront,Multiple,"39,182",,FALSE,"19,091"
https://www.crexi.com/lease/properties/447025/california-stony-point-plaza,"2001 Sebastopol RD, Santa Rosa, CA 95407",Sonoma County,"Retail, Restaurant",Commercial,Multiple,"194,569",,TRUE,"3,267"
https://www.crexi.com/lease/properties/788176/california-100-brannan-stree,"100 Brannan St, San Francisco, CA 94107",San Francisco County,"Retail, Restaurant",,Single,"4,137",,FALSE,"4,137"
https://www.crexi.com/lease/properties/971027/california-former-vitamin-shoppe,"5600 E 7th St, Long Beach, CA 90814",,"Retail, Restaurant","Bakery and Coffee, Convenience Store, Bank/Credit Union, quick service restaurant",Single,"3,725",,TRUE,"3,725"
https://www.crexi.com/lease/properties/1021393/california-1354-third-street,"1354 3rd Street Promenade, Santa Monica, CA 90401",,"Retail, Restaurant",Commercial,Multiple,"2,400",,TRUE,"2,400"
https://www.crexi.com/lease/properties/972164/california-california-marketplace,"450 S Western Ave, Los Angeles, CA 90020",,"Retail, Restaurant","Restaurant, Gym, Cafe, Bakery, Juice Bar, Chocaltier, Beverage, DIning, Spa, Fitness, Wellness, Aesthetic, Experiential Retail, Clinic, Bubble Tea, Bar, Lounge, Salon, Cocktails, Yoga, Pilates, Golf Simulator",Multiple,"91,883",,TRUE,"18,313"
https://www.crexi.com/lease/properties/1010639/california-23780-newhall-ave,"23780 Newhall Ave, Santa Clarita, CA 91321",Los Angeles County,"Retail, Restaurant","Religious Center, Theater, Gym, Child Care Facility",Single,"23,600",,TRUE,"23,600"
https://www.crexi.com/lease/properties/497511/california-sand-creek-crossing,"2440 Sand Creek Rd, Brentwood, CA 94513",Contra Costa County,"Retail, Restaurant","Shopping, Storefront",Multiple,"251,753",37,TRUE,"18,300"
https://www.crexi.com/lease/properties/938172/california-1550-church-street,"1550 Church St, San Francisco, CA 94131",San Francisco County,"Retail, Restaurant",Commerical,Single,"3,200",,FALSE,"3,200"
https://www.crexi.com/lease/properties/858827/california-5924-5930-york-blvd,"5924-5930 York Blvd, Los Angeles, CA 90042",Los Angeles County,"Retail, Restaurant",Commercial,Single,"4,138",,FALSE,"4,138"
https://www.crexi.com/lease/properties/782417/california-swc-highway-99-and-ave-185,"18463 Rd 23, Madera, CA 93637",Madera County,"Retail, Restaurant",Drive-Thru,Single,"1,800",,FALSE,"1,800"
https://www.crexi.com/lease/properties/710498/california-1300-battery,"1300 Battery St, San Francisco, CA 94111",San Francisco County,"Retail, Restaurant",Commercial,Single,"3,997",,FALSE,"3,997"
https://www.crexi.com/lease/properties/1033665/california-sec-lakewood-blvd-gallatin-rd,"9500 Lakewood Blvd, Downey, CA 90240",Los Angeles County,"Retail, Restaurant","Commercial, Endcap",Multiple,"1,627",,FALSE,"1,627"
https://www.crexi.com/lease/properties/208559/california-18955---18973-ventura-blvd,"18955 - 18973 Ventura Blvd, Los Angeles, CA 91356",Los Angeles,"Retail, Restaurant",Strip Center,Multiple,"21,691",,TRUE,"6,100"
https://www.crexi.com/lease/properties/399880/california-chico-crossroads,"2051 Dr MLK Jr Pkwy, Chico, CA 95928",Butte County,"Retail, Restaurant",Commercial,Multiple,"244,950",,TRUE,"44,550"
https://www.crexi.com/lease/properties/886437/california-civic-square,"814 W El Camino Real, Sunnyvale, CA 886437",Santa Clara County,"Retail, Restaurant",Neighborhood Center,Multiple,"40,860",,TRUE,"13,793"
https://www.crexi.com/lease/properties/976484/california-600-cannery-row,"600 Cannery Row, Monterey, CA 93940",,"Retail, Restaurant",Commercial,Single,"9,448",,TRUE,"9,448"
https://www.crexi.com/lease/properties/319539/california-734-740-e-3rd-street-702-traction-avenue,"702 E 3rd St, Los Angeles, CA 90013",,"Retail, Restaurant",,Multiple,"8,300",,FALSE,"1,200"
https://www.crexi.com/lease/properties/405618/california-ramona-plaza,"1300 - 1480 E Florida Ave, Hemet, CA 92544",,"Retail, Restaurant",retail,Multiple,"102,000",,TRUE,"11,000"
https://www.crexi.com/lease/properties/446938/california-pavilions-place,"16400 Beach Blvd, Westminster, CA 92683",Orange County,"Retail, Restaurant",Commecial,Multiple,"205,066",,TRUE,"7,580"
https://www.crexi.com/lease/properties/683449/california-373-broadway,"373 Broadway, San Francisco, CA 94133",San Francisco County,"Retail, Restaurant","Commercial, Retail",Multiple,"4,542",,FALSE,"4,542"
https://www.crexi.com/lease/properties/927720/california-encino-oaks-shopping-center,"17320 Ventura Blvd, Los Angeles, CA 91316",Los Angeles County,"Retail, Restaurant",Commercial,Multiple,"2,100",,FALSE,"2,100"
https://www.crexi.com/lease/properties/935311/california-360-pine-street,"360 Pine St, San Francisco, CA 94104",San Francisco County,"Retail, Restaurant",Commercial,Multiple,"4,000",,FALSE,"4,000"
https://www.crexi.com/lease/properties/979547/california-1-union-st,"1 Union St, San Francisco, CA 94111",San Francisco County,"Retail, Restaurant",Commercial,Single,715,,FALSE,715
https://www.crexi.com/lease/properties/948956/california-45-rincon-drive---town-center-marketplace-at-csuci,"45 Rincon Dr, Camarillo, CA 93012",Ventura County,"Retail, Restaurant","Grocery, Market, Pub, Cafe, Deli",Single,"26,400",,FALSE,"7,833"
https://www.crexi.com/lease/properties/836091/california-8535-sunset-boulevard,"8535 Sunset Blvd, West Hollywood, CA 90069",Los Angeles County,"Retail, Restaurant",Commercial,Multiple,"3,927",,FALSE,"1,450"
https://www.crexi.com/lease/properties/261279/california-crestview-village-shopping-center,"4006 Manzanita Ave, Carmichael, CA 95608",Sacramento County,"Retail, Restaurant","Storefront, Spa, Restaurant, massage",Multiple,"151,186",,FALSE,"83,967"
https://www.crexi.com/lease/properties/300920/california-la-verne-towne-center,"2462 Foothill Blvd, La Verne, CA 91750",Los Angeles County,"Retail, Restaurant",Shopping Center,Multiple,"226,872",,TRUE,"4,950"
https://www.crexi.com/lease/properties/882744/california-la-fiesta-square,"Mount Diablo Blvd. & Moraga Rd, Lafayette, CA 94549",Contra Costa County,"Retail, Restaurant","Commercial, Fitness, Storage, Lifestyle Center",Multiple,"74,355",,FALSE,"12,512"
https://www.crexi.com/lease/properties/985249/california-foothill-ranch-towne-centre,"Foothill Ranch Towne Centre, Lake Forest, CA 92610",Orange County,"Retail, Restaurant",Commercial,Multiple,"26,800",,FALSE,"26,800"
https://www.crexi.com/lease/properties/71167/california-coffee-at-riverlakes,"3900-4300 Coffee Road, Bakersfield, CA 93308",Kern County,"Retail, Restaurant",Strip Center,Single,"1,440",,FALSE,"1,440"
https://www.crexi.com/lease/properties/668690/california-514-n-la-cienega-blvd,"514 N La Cienega Blvd, West Hollywood, CA 90048",,"Retail, Restaurant",,Single,"3,824",,FALSE,"3,824"
https://www.crexi.com/lease/properties/990262/california-1066-sf-space-available,"614 Academy Ave, Sanger, CA 93657",,"Retail, Restaurant","Smoothie, Ice cream",Multiple,"1,066",,FALSE,"1,066"
https://www.crexi.com/lease/properties/895677/california-1640-14th-street,"1640 14th St, Santa Monica, CA 90404",Los Angeles County,"Retail, Restaurant","Commercial, Showroom",Multiple,"3,400",2,FALSE,"3,400"
https://www.crexi.com/lease/properties/776750/california-sycamore-hills-plaza,"2085 Base Line Rd, Upland, CA 91784",San Bernardino County,"Retail, Restaurant",2nd Gen QSR,Multiple,"2,891",,FALSE,"2,891"
https://www.crexi.com/lease/properties/456075/california-soma-square,"311 3rd St, SF, CA 94107",,"Retail, Restaurant","Commercial, Retail, Cafe",Multiple,"7,574",,TRUE,"7,574"
https://www.crexi.com/lease/properties/333299/california-1910-n-main-street,"1910 N Main St, Walnut Creek, CA 94596",Contra Costa County,"Retail, Restaurant",Commercial,Multiple,"8,895",1,TRUE,"3,929"
https://www.crexi.com/lease/properties/825251/california-greenstreet-center,"28662 Marguerite Pkwy, Mission Viejo, CA 92692",Orange County,"Retail, Restaurant","Commercial, Raw Shell, Fixturized Restaurant",Multiple,"10,294",,FALSE,"7,066"
https://www.crexi.com/lease/properties/1030827/california-sec-vineyard-avenue-riverside-drive,"2943-2961 Vineyard Ave, Ontario, CA 91761",San Bernardino County,"Retail, Restaurant","Commercial, Shopping Center",Single,671,,FALSE,671
https://www.crexi.com/lease/properties/917318/california-700-e-alosta-ave,"700 E Alosta Ave, Azusa, CA 91702",Los Angeles County,"Retail, Restaurant",Drive Thru,Single,"2,500",,FALSE,"2,500"
https://www.crexi.com/lease/properties/954292/california-587-eddy-street,"587 Eddy St, San Francisco, CA 94102",San Francisco County,"Retail, Restaurant",,Multiple,"2,600",,FALSE,"2,600"
https://www.crexi.com/lease/properties/53829/california-former-restaurant--end-cap,"20861-20871 Lassen St, Chatsworth, CA 91311",Los Angeles County,"Retail, Restaurant","retail, shell space",Multiple,"8,320",,TRUE,900
https://www.crexi.com/lease/properties/149926/california-369-pine-street,"369 Pine Street, San Francisco, CA 94104",San Francisco County,"Retail, Restaurant",Shopping center,Multiple,"4,473",,FALSE,"4,473"
https://www.crexi.com/lease/properties/922737/california-8768-w-sunset-boulevard,"8768 W. Sunset Boulevard, West Hollywood, CA 90069",Los Angeles County,"Retail, Restaurant",Commercial,Single,"4,430",,FALSE,"4,430"
https://www.crexi.com/lease/properties/972954/california-411-lincoln-blvd,"411 Lincoln Blvd, Los Angeles, CA 90291",Los Angeles County,"Retail, Restaurant",Commercial,Single,400,,TRUE,400
https://www.crexi.com/lease/properties/993729/california-10801090-westwood-boulevard,"1080/1090 Westwood Boulevard, Los Angeles, CA 90024",Los Angeles County,"Retail, Restaurant",Commercial,Multiple,"6,800",,FALSE,"6,800"
https://www.crexi.com/lease/properties/1033648/california-valencia-town-center,"24303 Town Center Dr, Santa Clarita, CA 91355",Los Angeles County,"Retail, Restaurant",Restaurants,Multiple,"29,481",,TRUE,"29,481"
https://www.crexi.com/lease/properties/972226/california-1029-n-lemoore-avenue---restaurant,"1029 N Lemoore Ave, Lemoore, CA 93245",,"Retail, Restaurant","restaurant, freestanding",Single,"2,573",,FALSE,"2,573"
https://www.crexi.com/lease/properties/248096/california-7555-pacific-avenue,"7555 Pacific Ave, Stockton, CA 95207",San Joaquin County,"Retail, Restaurant",Commercial,Multiple,"12,030",2,FALSE,"8,986"
https://www.crexi.com/lease/properties/198664/california-country-west-shopping-center,"5040 N West Ave, Fresno, CA 93711",,"Retail, Restaurant","Freestanding, restaurant",Multiple,"5,140",,FALSE,"2,790"
https://www.crexi.com/lease/properties/29001/california-bernardo-center,"16473 Bernardo Center Dr, San Diego, CA 92128",,"Retail, Restaurant","Restaurant, Dental Office, Retail, Art Studio, Medical, Office",Multiple,"83,220",,TRUE,"2,043"
https://www.crexi.com/lease/properties/301138/california-cupertino-village,"10983 N Wolfe Rd, Cupertino, CA 95014",Santa Clara County,"Retail, Restaurant","Shopping Center, Commercial",Multiple,"138,870",,TRUE,"7,407"
https://www.crexi.com/lease/properties/925439/california-ozel-plaza,"11400 Fourth St, Rancho Cucamonga, CA 91730",,"Retail, Restaurant","Plaza, Retail",Multiple,"16,300",,TRUE,"2,789"
https://www.crexi.com/lease/properties/385491/california-301-king-street,"301 King Street, San Francisco, CA 94158",San Francisco County,"Retail, Restaurant",Restaurant,Multiple,"6,472",,FALSE,"1,736"
https://www.crexi.com/lease/properties/1021405/california-1348-third-street-promenade,"1348 3rd Street Promenade, Santa Monica, CA 90401",Los Angeles County,"Retail, Restaurant",Commercial,Multiple,"2,200",,TRUE,"2,200"
https://www.crexi.com/lease/properties/1043520/california-400-bay-street,"400 Bay Street, San Francisco, CA 94133",San Francisco County,"Retail, Restaurant",Commercial,Single,875,,FALSE,875
https://www.crexi.com/lease/properties/1046219/california-coddington-mall,"1300 Coddingtown Center, Santa Rosa, CA 95401",Sonoma County,"Retail, Restaurant",Commercial,Multiple,"34,340",,FALSE,"34,340"
https://www.crexi.com/lease/properties/789378/california-438-grant-avenue,"438 Grant Ave, San Francisco, CA 94108",San Francisco County,"Retail, Restaurant",Showroom,Multiple,"7,478",,FALSE,"7,478"
https://www.crexi.com/lease/properties/738528/california-lone-tree-plaza,"Lone Tree Wy & Highway 4 By pass, Brentwood, CA 94531",Contra Costa County,"Retail, Restaurant",commercial,Multiple,"477,000",,FALSE,"23,479"
https://www.crexi.com/lease/properties/612614/california-91-n-raymond-ave,"91 N Raymond Ave, Pasadena, CA 91103",,"Retail, Restaurant",Restaurant,Multiple,"3,315",,FALSE,"3,315"
https://www.crexi.com/lease/properties/954484/california-2183-2185-mission-st,"2183-2185 Mission St, San Francisco, CA 94110",San Francisco County,"Retail, Restaurant",,Multiple,"7,415",,FALSE,"7,415"
https://www.crexi.com/lease/properties/313415/california-the-crossings-at-hosking,"The Crossings at Hosking, Bakersfield, CA 93307",Kern County,"Retail, Restaurant",Power Center,Multiple,"43,385",9,TRUE,"43,385"
https://www.crexi.com/lease/properties/301128/california-linda-mar-sc,"1380 Linda Mar Shopping Center, Pacifica, CA 94044",San Mateo County,"Retail, Restaurant","Commercial, Hair Salon",Multiple,"168,231",,TRUE,"28,834"
https://www.crexi.com/lease/properties/208704/california-18851-ventura-boulevard,"18851-18859 Ventura Blvd, Los Angeles, CA 91356",Los Angeles County,"Retail, Restaurant","Storefront, Stripcenter",Multiple,"15,000",,TRUE,"6,000"
https://www.crexi.com/lease/properties/300981/california-the-district-tustin-legacy,"2817 Park Ave, Tustin, CA 92782",Orange County,"Retail, Restaurant","Commercial, Nail Salon",Multiple,"687,965",,TRUE,"12,999"
https://www.crexi.com/lease/properties/146939/california-coloma-village,"11070 - 11082 Coloma Rd, Rancho Cordova, CA 95670",Sacramento County,"Retail, Restaurant",Shopping Center,Multiple,"4,121",,FALSE,"4,121"
https://www.crexi.com/lease/properties/895681/california-1650-euclid-street,"1650 Euclid St, Santa Monica, CA 90404",Los Angeles County,"Retail, Restaurant","Commercial, Retail",Multiple,"1,000",2,FALSE,"1,000"
https://www.crexi.com/lease/properties/978697/california-2500-watt-ave,"2500 Watt Ave, Sacramento, CA 95821",Sacramento County,"Retail, Restaurant",,Single,"7,208",,FALSE,"7,208"
https://www.crexi.com/lease/properties/300933/california-santee-trolley-square,"9846 Mission Gorge Rd, Santee, CA 92071",San Diego County,"Retail, Restaurant","Shopping center, Commercail, Retail Inline",Multiple,"312,754",,TRUE,"2,265"
https://www.crexi.com/lease/properties/876770/california-2030-west-8th-street,"2030 W 8th St, Los Angeles, CA 90057",,"Retail, Restaurant","Restaurant, Cafe, Convenience Store",Multiple,"44,011",,FALSE,"2,900"
https://www.crexi.com/lease/properties/301026/california-lakewood-plaza,"17220 Lakewood Blvd, Bellflower, CA 90706",Los Angeles County,"Retail, Restaurant","Shopping Center, Hair Salon, Commercial",Multiple,"113,233",,TRUE,"12,064"
https://www.crexi.com/lease/properties/592640/california-4000-4008-piedmont-ave,"4000 Piedmont Ave, Oakland, CA 94611",Alameda County,"Retail, Restaurant",Restaurant,Multiple,"13,887",,FALSE,"13,887"
https://www.crexi.com/lease/properties/963180/california-510-union-st,"510 Union St, San Francisco, CA 94133",San Francisco County,"Retail, Restaurant",Commercial,Single,"2,349",,FALSE,"2,349"
https://www.crexi.com/lease/properties/105064/california-park-fifth-trademark,"437 W 5th St, Los Angeles, CA 90013",,"Retail, Restaurant","Free Standing, Endcap, Fitness, Medspa, Gym, Convenience store, Restaurant, General Retail, Coffee, Cafe, Juice, Dessert",Multiple,"12,434",,FALSE,"12,434"
https://www.crexi.com/lease/properties/877454/california-243-w-2nd-street,"243 W 2nd St, Chico, CA 95928",,"Retail, Restaurant",retail,Single,"15,955",,FALSE,"4,936"
https://www.crexi.com/lease/properties/535992/california-5162-melrose-ave,"5162 Melrose Ave, Los Angeles, CA 90038",Los Angeles County,"Retail, Restaurant",Wine Bar,Single,"2,800",,TRUE,"2,800"
https://www.crexi.com/lease/properties/400128/california-greenhouse-marketplace,"699 Lewelling Blvd, San Leandro, CA 94579",Alameda County,"Retail, Restaurant",Commercial,Multiple,"142,618",,TRUE,"55,157"
https://www.crexi.com/lease/properties/147082/california-5948-auburn-blvd,"5948 Auburn Blvd, Citrus Heights, CA 95621",,"Retail, Restaurant",bar,Multiple,"20,056",,TRUE,"4,750"
https://www.crexi.com/lease/properties/301101/california-plaza-di-northridge,"19500 Plummer St, Bldg C, Northridge, CA 91324",Los Angeles County,"Retail, Restaurant","Commercial, Hair Salon",Multiple,"163,941",,TRUE,354
https://www.crexi.com/lease/properties/921901/california-prime-2nd-story-retail-space-for-lease-in-sacramento,"3830 Northgate Blvd, Sacramento, CA 95834",,"Retail, Restaurant","Restaurant, Storefront",Multiple,"7,320",,TRUE,"4,300"
https://www.crexi.com/lease/properties/897381/california-unit-k-ski-run-center,"3668 Lake Tahoe Blvd, South Lake Tahoe, CA 96150",,"Retail, Restaurant","Retail, Street Retail",Multiple,"19,631",,FALSE,884
https://www.crexi.com/lease/properties/923279/california-opera-plaza,"601 Van Ness Ave, San Francisco, CA 94102",San Francisco County,"Retail, Restaurant",Commercial,Multiple,"90,000",,TRUE,"5,000"
https://www.crexi.com/lease/properties/385058/california-9490-cuyamaca-street-suite-200,"9740 Cuyamaca St, Santee, CA 92071",San Diego County,"Retail, Restaurant","Multi-Tenant Retail Shopping Center, Retail",Multiple,"21,738",,FALSE,"1,370"
https://www.crexi.com/lease/properties/362741/illinois-retail-or-restaurant-pads,"1254 N Peach Ave, Fresno, CA 93727",Fresno County,"Retail, Restaurant",Shopping Center,Multiple,"3,150",1,FALSE,"3,150"
https://www.crexi.com/lease/properties/986635/california-topanga-gateway,"21915 Ventura Blvd & 21927 Ventura Blvd & 21935 Ventura Blvd & 5424 Topanga Canyon Blvd & 5422 Topanga Canyon Boulevard, Los Angeles, CA 91364",Los Angeles County,"Retail, Restaurant",Commercial,Multiple,"5,637",,TRUE,"5,637"
https://www.crexi.com/lease/properties/424495/california-mission-plaza,"9535 Mission Gorge Rd, Santee, CA 92071",San Diego County,"Retail, Restaurant",Commercial,Multiple,"19,898",,FALSE,"2,100"
https://www.crexi.com/lease/properties/874162/california-5801-geary-boulevard,"5801 Geary Blvd, San Francisco, CA 94121",San Francisco County,"Retail, Restaurant",Commercial,Multiple,"1,350",,FALSE,"1,350"
https://www.crexi.com/lease/properties/1027915/california-115-hartz-ave,"115 Hartz Ave, Danville, CA 94526",Contra Costa County,"Retail, Restaurant",Commercial,Multiple,"5,872",,TRUE,"2,177"
https://www.crexi.com/lease/properties/957279/california-250-entrada-dr,"250 Entrada Dr, Novato, CA 94949",Marin County,"Retail, Restaurant","Commercial, Bar",Multiple,"15,026",,FALSE,"15,026"
https://www.crexi.com/lease/properties/976050/california-1141-n-mt-vernon-ave,"1141 N Mt Vernon Ave, Colton, CA 92324",San Bernardino County,"Retail, Restaurant","Commercial, Free Standing",Single,"5,104",,FALSE,"5,104"
https://www.crexi.com/lease/properties/607953/california-1250-prospect-st-la-jolla,"1250 Prospect St, San Diego, CA 92037",,"Retail, Restaurant","Office, Retail",Multiple,"50,398",4,FALSE,"12,880"
https://www.crexi.com/lease/properties/547913/california-gelsons-village-calabasas,"22279 Mulholland Hwy, Calabasas, CA 91302",,"Retail, Restaurant",retail,Multiple,"63,814",,TRUE,"2,245"
https://www.crexi.com/lease/properties/399677/california-90-charter-oak-ave,"90 Charter Oak Ave, SF, CA 94124",San Francisco County,"Retail, Restaurant",Kitchen,Multiple,200,,FALSE,200
https://www.crexi.com/lease/properties/858175/california-point-west-plaza,"Sacramento, CA, Sacramento, CA 95835",Sacramento County,"Retail, Restaurant","Anchor Tenant, Grocery, Home Improvement, Fitness, Restaurants, Drive Thru, Car Wash, Gas Station, Retail",Multiple,"190,000",,FALSE,"190,000"
https://www.crexi.com/lease/properties/750412/california-main-street-retail-center,"999 Main St, Watsonville, CA 95076",,"Retail, Restaurant","Retail, Food Service",Multiple,"20,000",6,TRUE,"3,275"
https://www.crexi.com/lease/properties/698161/california-3107-beverly-blvd,"3107 Beverly Blvd, Los Angeles, CA 90026",Los Angeles County,"Retail, Restaurant",Commercial,Multiple,"8,622",,TRUE,"7,122"
https://www.crexi.com/lease/properties/132956/california-the-san-fernando-building,"400 Main St, Los Angeles, CA 90013",,"Retail, Restaurant","License 48, Entertainment, Art Gallery, High Ceiling, Live Entertainment",Multiple,"89,793",,FALSE,"10,232"
https://www.crexi.com/lease/properties/300912/california-truckee-crossroads,"11399 Deerfield Dr, Truckee, CA 96161",Nevada County,"Retail, Restaurant","Strip center, Retail Inline, Commercial",Multiple,"26,553",,TRUE,"7,150"
https://www.crexi.com/lease/properties/144072/california-hawkeye-shopping-center,"809-869 W. Hawkeye Ave., Turlock, CA 95380",Stanislaus County,"Retail, Restaurant",Restaurant,Multiple,"20,050",9,TRUE,"3,500"
https://www.crexi.com/lease/properties/59228/california-village-at-newbury-park,"1015 Broadbeck Dr, Thousand Oaks, CA 91320",,"Retail, Restaurant",Shopping Center,Multiple,"23,239",,FALSE,"2,010"
https://www.crexi.com/lease/properties/1032143/california-prime-in-store-restaurant-opportunity,"10545 Fairway Dr, Roseville, CA 95678",,"Retail, Restaurant",In-Store Restaurant,Single,"5,289",,FALSE,600
https://www.crexi.com/lease/properties/670885/california-agoura-hills-town-center,"30105 - 30135 Agoura Rd, Agoura Hills, CA 91301",Los Angeles County,"Retail, Restaurant",Commercial,Multiple,"56,000",,TRUE,"18,234"
https://www.crexi.com/lease/properties/735539/california-5410-wilshire-blvd,"5410 Wilshire Blvd, Los Angeles, CA 90036",Los Angeles County,"Retail, Restaurant","Commercial, Retail, Restaurant",Multiple,"60,000",,FALSE,"4,249"
https://www.crexi.com/lease/properties/822107/california-1440-sf-of-inline-space,"1127 N Willow Ave, Clovis, CA 93611",Fresno County,"Retail, Restaurant","food, barber, fitness",Single,"1,440",,FALSE,"1,440"
https://www.crexi.com/lease/properties/147049/california-plaza-de-oro,"2901 Sunrise Blvd, Rancho Cordova, CA 95742",,"Retail, Restaurant, Industrial","Warehouse, Fitness",Multiple,"4,465",,FALSE,"4,465"
https://www.crexi.com/lease/properties/718545/california-available-drive-thru-shop-space,"336 Mercey Springs Rd, Los Banos, CA 93635",,"Retail, Restaurant, Office","Creative Office, Medical Office",Multiple,"5,000",3,FALSE,"5,000"
https://www.crexi.com/lease/properties/822510/california-645-fairfield-dr,"645 Fairfield Dr, Merced, CA 95348",,"Retail, Restaurant, Special Purpose",Theater,Multiple,"22,896",3,TRUE,"22,896"
https://www.crexi.com/lease/properties/985747/california-3017-wilson,"3017 Wilson Rd, Bakersfield, CA 93304",,"Retail, Restaurant, Special Purpose","restaurant, office, Shops and Anchor, Co-Anchor, Shop Space",Single,"4,168",,TRUE,"4,168"
https://www.crexi.com/lease/properties/710455/california-9641-fair-oaks-blvd,"9641 Fair Oaks Blvd, Fair Oaks, CA 95628",Sacramento County,"Retail, Restaurant, Special Purpose","Mixed Use, Medical, QSR",Single,"29,000",,FALSE,"29,000"
https://www.crexi.com/lease/properties/854027/california-sec-bernard-dr-powers-dr-kettleman-ca,"27627 Bernard Dr, Kettleman City, CA 93239",,"Retail, Restaurant, Special Purpose","Food, QSR",Multiple,"1,800",,TRUE,"1,800"
https://www.crexi.com/lease/properties/911396/california-one-stop-market,"163 S Ramona Blvd, San Jacinto, CA 92583",,"Retail, Restaurant, Special Purpose","Convenience Store, Grocery Store, Specialty Store, Freestanding, Storefront, Storefront Retail, Other Retail, Quick Service Restaurant, Fast Casual Restaurant",Multiple,"2,900",2,TRUE,"2,900"
